-- phpMyAdmin SQL Dump
-- version 5.2.1
-- https://www.phpmyadmin.net/
--
-- Host: 127.0.0.1
-- Generation Time: Nov 11, 2024 at 09:45 AM
-- Server version: 10.4.32-MariaDB
-- PHP Version: 8.2.12

SET SQL_MODE = "NO_AUTO_VALUE_ON_ZERO";
START TRANSACTION;
SET time_zone = "+00:00";


/*!40101 SET @OLD_CHARACTER_SET_CLIENT=@@CHARACTER_SET_CLIENT */;
/*!40101 SET @OLD_CHARACTER_SET_RESULTS=@@CHARACTER_SET_RESULTS */;
/*!40101 SET @OLD_COLLATION_CONNECTION=@@COLLATION_CONNECTION */;
/*!40101 SET NAMES utf8mb4 */;

--
-- Database: `shop_db`
--

-- --------------------------------------------------------

--
-- Table structure for table `cart`
--

CREATE TABLE `cart` (
  `id` int(100) NOT NULL,
  `user_id` int(100) NOT NULL,
  `name` varchar(100) NOT NULL,
  `price` int(100) NOT NULL,
  `quantity` int(100) NOT NULL,
  `image` varchar(100) NOT NULL,
  `supplier` varchar(255) NOT NULL
) ENGINE=InnoDB DEFAULT CHARSET=utf8mb4 COLLATE=utf8mb4_general_ci;

-- --------------------------------------------------------

--
-- Table structure for table `message`
--

CREATE TABLE `message` (
  `id` int(100) NOT NULL,
  `user_id` int(100) NOT NULL,
  `name` varchar(100) NOT NULL,
  `email` varchar(100) NOT NULL,
  `number` varchar(12) NOT NULL,
  `message` varchar(500) NOT NULL
) ENGINE=InnoDB DEFAULT CHARSET=utf8mb4 COLLATE=utf8mb4_general_ci;

-- --------------------------------------------------------

--
-- Table structure for table `orders`
--

CREATE TABLE `orders` (
  `id` int(100) NOT NULL,
  `user_id` int(100) NOT NULL,
  `name` varchar(100) NOT NULL,
  `number` varchar(12) NOT NULL,
  `email` varchar(100) NOT NULL,
  `method` varchar(50) NOT NULL,
  `address` varchar(500) NOT NULL,
  `total_products` varchar(1000) NOT NULL,
  `total_price` int(100) NOT NULL,
  `placed_on` varchar(50) NOT NULL,
  `payment_status` varchar(20) NOT NULL DEFAULT 'pending'
) ENGINE=InnoDB DEFAULT CHARSET=utf8mb4 COLLATE=utf8mb4_general_ci;

-- --------------------------------------------------------

--
-- Table structure for table `products`
--

CREATE TABLE `products` (
  `id` int(100) NOT NULL,
  `name` varchar(100) NOT NULL,
  `price` int(100) NOT NULL,
  `image` varchar(100) NOT NULL,
  `supplier` varchar(255) NOT NULL
) ENGINE=InnoDB DEFAULT CHARSET=utf8mb4 COLLATE=utf8mb4_general_ci;

--
-- Dumping data for table `products`
--

INSERT INTO `products` (`id`, `name`, `price`, `image`, `supplier`) VALUES
(90, 'Tilapia', 345, 'Tilapia.jpg', '8'),
(91, 'Yellowfin Tuna', 450, 'Tuna-Yellow-Fin.jpg', '20'),
(93, 'Bangus', 430, 'Bangus.jpg', '16'),
(94, 'Lapu Lapu', 235, 'Lapu-Lapu-Red.jpg', '15'),
(95, 'Tamban', 330, 'Tamban.jpg', '18'),
(96, 'Anchovies', 290, 'Dilis.jpg', '22'),
(97, 'Red Snapper', 745, 'Red Snapper.jpg', '45'),
(98, 'Tulingan', 400, 'Tulingan.jpg', '52'),
(99, 'Galunggong', 220, 'Galunggong.jpg', '10'),
(100, 'Dalagang Bukid', 400, 'Dalagang-Bukid.jpg', '68'),
(101, 'Slipmouth Fish', 425, 'Sapsap.jpg', '17'),
(102, 'Hasahasa', 300, 'Hasahasa.jpg', '13'),
(103, 'Barramundi', 1000, 'Apahap.jpg', '21'),
(104, 'Pompano', 600, 'Pompano.jpg', '9'),
(105, 'Threadfin Bream', 500, 'Bisugo.jpg', '12'),
(106, 'Tanigue Steak Cut', 800, 'Tanigue-Steak-Cut.jpg', '22'),
(107, 'Shrimps', 800, 'Shrimps.jpg', '8'),
(108, 'Alumahan', 560, 'Alumahan.jpg', '64'),
(109, 'Salmon Fillet', 1300, 'Salmon-Fillet.jpg', '25'),
(111, 'Caviar', 5500, 'Caviar.jpg', '62'),
(112, 'Pusit', 600, 'Pusit.jpg', '47'),
(113, 'Sugpo', 1100, 'Sugpo.jpg', '24'),
(114, 'Oyster', 300, 'Talaba.jpg', '22'),
(115, 'Mussels', 150, 'Tahon.jpg', '20'),
(116, 'Crab', 900, 'Crab.jpg', '21'),
(117, 'Mud Crab', 750, 'Mud Crab.jpg', '26'),
(118, 'Blue Marlin Cut', 650, 'Blue Marlin.jpg', '9'),
(119, 'Tawilis', 350, 'Tawilis.jpg', '59'),
(120, 'Tinapa Salinas', 435, 'Tinapa-Salinas.jpg', '42'),
(121, 'Tuyo Salinas', 400, 'Tuyo-Salinas.jpg', '14'),
(122, 'Labahita', 400, 'Labahita.jpg', '8'),
(123, 'Jackfish', 700, 'Talakitok.jpg', '10'),
(124, 'Catfish', 350, 'Catfish.jpg', '25'),
(125, 'Snail', 200, 'Kuhol.jpg', '25'),
(126, 'Moonfish', 300, 'Hiwas.jpg', '24');

-- --------------------------------------------------------

--
-- Table structure for table `suppliers`
--

CREATE TABLE `suppliers` (
  `id` int(11) NOT NULL,
  `name` varchar(255) NOT NULL
) ENGINE=InnoDB DEFAULT CHARSET=utf8mb4 COLLATE=utf8mb4_general_ci;

--
-- Dumping data for table `suppliers`
--

INSERT INTO `suppliers` (`id`, `name`) VALUES
(8, 'E-Mars Enterprises'),
(9, 'Korea-Philippines Seafood Processing Complex'),
(10, 'Amanda’s Marine Products'),
(11, 'Angel Farmers Gourmet Food Corp.'),
(12, 'Bulacan HJR International Incorporation'),
(13, 'Elite Del Dragon Inc.'),
(14, 'Golden Tiger Export Ventures, Inc'),
(15, 'Mica by the Sea'),
(16, 'TGA Foods Corp.'),
(17, 'Aling Ludy’s Seafood Dealer'),
(18, 'Akian Food Processing Corp.'),
(19, 'Arko Food Phils, Inc'),
(20, 'AFOW Marine Product'),
(21, 'A. Tung Chingco Manufacturing Corp.'),
(22, 'Bernas Seafoods Trading'),
(23, 'Bluefin Seafood Export, Inc.'),
(24, 'Chen-Kao Marine Corp.'),
(25, 'CMSE Seafoods Trading'),
(26, 'Eoana Canning and Food Processing Corp.'),
(27, 'Frabelle Market Corp.'),
(28, 'Golden Hands Manufacturing Corp.'),
(29, 'Kai-Anya Foods, Inc.'),
(30, 'Millennium Ocean Star Corp.'),
(31, 'Ozean 8 Trading Corp.'),
(32, 'Penamae Fish Trading'),
(33, 'Philprawns and Seafood Corp.'),
(34, 'Royale Fishing Corp.'),
(35, 'Sakurey Trading'),
(36, 'Southern Giant Star Int’l. Seafood Providers, Inc.'),
(37, 'SLORD Development Corp.'),
(38, 'TC International Seafoods Provider, Inc'),
(39, 'Tiger Marine Products'),
(40, 'Unifish Inc.'),
(41, 'Yeung Marine Products'),
(42, 'Camarines Bigfin Seafoods Trading Inc.'),
(43, 'CARM Foods Enterprise, Inc.'),
(44, 'Donny’s Choice Food Processing Export & Import Corp.'),
(45, 'Doc Peter Foods Corp.'),
(46, 'Fukui Food Philippines Inc.'),
(47, 'JNCL Ocean Ventures, Inc.'),
(48, 'Ipil Oriental Food Export & Consolidator'),
(49, 'Ocean Aquamarine Products Enterprises'),
(50, 'Sunrich Manufacturing Corp.'),
(51, 'Verdure Seafood Republic, Inc'),
(52, 'Triton Products Corp.'),
(53, 'T & T Aquamarine Ventures Corp.'),
(54, 'Master Chang’s Seafoods'),
(55, 'SanMar Marine Products and Export'),
(56, 'PFL Export Trading'),
(57, 'Seaworld Export-Import Traders'),
(58, 'Siargo’s Bountry Seafoods Corp.'),
(59, 'Chinoy Seafood Exporter and Importer'),
(60, 'Millenium Ocean Star Corp. (Samar)'),
(61, 'TBK Manufacturing Corp.'),
(62, 'Alenter Food, Inc.'),
(63, 'Aquatic Food Manufacturing Corp.'),
(64, 'Bicol Blue Star Export Corp.'),
(65, 'Dai-Hai Marine Products Corp.'),
(66, 'Kim Marine Products'),
(67, 'B-KING Fish Processor'),
(68, 'Camsur Canning Corp.'),
(69, 'We Golden High International Inc.');

-- --------------------------------------------------------

--
-- Table structure for table `users`
--

CREATE TABLE `users` (
  `id` int(100) NOT NULL,
  `name` varchar(100) NOT NULL,
  `email` varchar(100) NOT NULL,
  `password` varchar(100) NOT NULL,
  `user_type` varchar(20) NOT NULL DEFAULT 'user'
) ENGINE=InnoDB DEFAULT CHARSET=utf8mb4 COLLATE=utf8mb4_general_ci;

--
-- Dumping data for table `users`
--

INSERT INTO `users` (`id`, `name`, `email`, `password`, `user_type`) VALUES
(1, 'Miguel Angelo Malsi', 'miguelmalsi04@gmail.com', '0ad8f3b2ce6fe9ca0d8a534b0fb4f37e', 'admin'),
(2, 'Test User', 'test.user@gmail.com', 'ae2b1fca515949e5d54fb22b8ed95575', 'user'),
(3, 'Boi Bawang', 'bawangboi@stanford.edu.ph', 'c93ccd78b2076528346216b3b2f701e6', 'admin'),
(4, 'Test User 2', 'test.user2@pmail.com', 'a119e534072584a0ea88cdea4664aecd', 'user'),
(9, 'supp3', 'supplier1@supp.com', '3367cfa4bfc7dc05bdc65aa7bf8d39ac', 'wholesale');

-- --------------------------------------------------------

--
-- Table structure for table `wholesale`
--

CREATE TABLE `wholesale` (
  `id` int(100) NOT NULL,
  `supplier_id` int(11) NOT NULL,
  `supplier_name` varchar(255) DEFAULT NULL,
  `product_id` int(11) NOT NULL,
  `product_name` varchar(255) DEFAULT NULL
) ENGINE=InnoDB DEFAULT CHARSET=utf8mb4 COLLATE=utf8mb4_general_ci;

--
-- Dumping data for table `wholesale`
--

INSERT INTO `wholesale` (`id`, `supplier_id`, `supplier_name`, `product_id`, `product_name`) VALUES
(384, 8, 'E-Mars Enterprises', 90, 'Tilapia'),
(385, 8, 'E-Mars Enterprises', 91, 'Yellowfin Tuna'),
(386, 8, 'E-Mars Enterprises', 93, 'Bangus'),
(387, 8, 'E-Mars Enterprises', 94, 'Lapu Lapu'),
(388, 8, 'E-Mars Enterprises', 95, 'Tamban'),
(389, 8, 'E-Mars Enterprises', 96, 'Anchovies'),
(390, 8, 'E-Mars Enterprises', 97, 'Red Snapper'),
(391, 8, 'E-Mars Enterprises', 98, 'Tulingan'),
(392, 8, 'E-Mars Enterprises', 99, 'Galunggong'),
(393, 8, 'E-Mars Enterprises', 100, 'Dalagang Bukid'),
(394, 8, 'E-Mars Enterprises', 101, 'Slipmouth Fish'),
(395, 8, 'E-Mars Enterprises', 102, 'Hasahasa'),
(396, 8, 'E-Mars Enterprises', 103, 'Barramundi'),
(397, 8, 'E-Mars Enterprises', 104, 'Pompano'),
(398, 8, 'E-Mars Enterprises', 105, 'Threadfin Bream'),
(399, 8, 'E-Mars Enterprises', 106, 'Tanigue Steak Cut'),
(400, 8, 'E-Mars Enterprises', 107, 'Shrimps'),
(401, 8, 'E-Mars Enterprises', 108, 'Alumahan'),
(402, 8, 'E-Mars Enterprises', 109, 'Salmon Fillet'),
(403, 8, 'E-Mars Enterprises', 111, 'Caviar'),
(404, 8, 'E-Mars Enterprises', 112, 'Pusit'),
(405, 8, 'E-Mars Enterprises', 113, 'Sugpo'),
(406, 8, 'E-Mars Enterprises', 114, 'Oyster'),
(407, 8, 'E-Mars Enterprises', 115, 'Mussels'),
(408, 8, 'E-Mars Enterprises', 116, 'Crab'),
(409, 8, 'E-Mars Enterprises', 117, 'Mud Crab'),
(410, 8, 'E-Mars Enterprises', 118, 'Blue Marlin Cut'),
(411, 8, 'E-Mars Enterprises', 119, 'Tawilis'),
(412, 8, 'E-Mars Enterprises', 120, 'Tinapa Salinas'),
(413, 8, 'E-Mars Enterprises', 121, 'Tuyo Salinas'),
(414, 8, 'E-Mars Enterprises', 122, 'Labahita'),
(415, 8, 'E-Mars Enterprises', 123, 'Jackfish'),
(416, 8, 'E-Mars Enterprises', 124, 'Catfish'),
(417, 8, 'E-Mars Enterprises', 125, 'Snail'),
(418, 8, 'E-Mars Enterprises', 126, 'Moonfish'),
(419, 9, 'Korea-Philippines Seafood Processing Complex', 90, 'Tilapia'),
(420, 9, 'Korea-Philippines Seafood Processing Complex', 91, 'Yellowfin Tuna'),
(421, 9, 'Korea-Philippines Seafood Processing Complex', 93, 'Bangus'),
(422, 9, 'Korea-Philippines Seafood Processing Complex', 94, 'Lapu Lapu'),
(423, 9, 'Korea-Philippines Seafood Processing Complex', 95, 'Tamban'),
(424, 9, 'Korea-Philippines Seafood Processing Complex', 96, 'Anchovies'),
(425, 9, 'Korea-Philippines Seafood Processing Complex', 97, 'Red Snapper'),
(426, 9, 'Korea-Philippines Seafood Processing Complex', 98, 'Tulingan'),
(427, 9, 'Korea-Philippines Seafood Processing Complex', 99, 'Galunggong'),
(428, 9, 'Korea-Philippines Seafood Processing Complex', 100, 'Dalagang Bukid'),
(429, 9, 'Korea-Philippines Seafood Processing Complex', 101, 'Slipmouth Fish'),
(430, 9, 'Korea-Philippines Seafood Processing Complex', 102, 'Hasahasa'),
(431, 9, 'Korea-Philippines Seafood Processing Complex', 103, 'Barramundi'),
(432, 9, 'Korea-Philippines Seafood Processing Complex', 104, 'Pompano'),
(433, 9, 'Korea-Philippines Seafood Processing Complex', 105, 'Threadfin Bream'),
(434, 9, 'Korea-Philippines Seafood Processing Complex', 106, 'Tanigue Steak Cut'),
(435, 9, 'Korea-Philippines Seafood Processing Complex', 107, 'Shrimps'),
(436, 9, 'Korea-Philippines Seafood Processing Complex', 108, 'Alumahan'),
(437, 9, 'Korea-Philippines Seafood Processing Complex', 109, 'Salmon Fillet'),
(438, 9, 'Korea-Philippines Seafood Processing Complex', 111, 'Caviar'),
(439, 9, 'Korea-Philippines Seafood Processing Complex', 112, 'Pusit'),
(440, 9, 'Korea-Philippines Seafood Processing Complex', 113, 'Sugpo'),
(441, 9, 'Korea-Philippines Seafood Processing Complex', 114, 'Oyster'),
(442, 9, 'Korea-Philippines Seafood Processing Complex', 115, 'Mussels'),
(443, 9, 'Korea-Philippines Seafood Processing Complex', 116, 'Crab'),
(444, 9, 'Korea-Philippines Seafood Processing Complex', 117, 'Mud Crab'),
(445, 9, 'Korea-Philippines Seafood Processing Complex', 118, 'Blue Marlin Cut'),
(446, 9, 'Korea-Philippines Seafood Processing Complex', 119, 'Tawilis'),
(447, 9, 'Korea-Philippines Seafood Processing Complex', 120, 'Tinapa Salinas'),
(448, 9, 'Korea-Philippines Seafood Processing Complex', 121, 'Tuyo Salinas'),
(449, 9, 'Korea-Philippines Seafood Processing Complex', 122, 'Labahita'),
(450, 9, 'Korea-Philippines Seafood Processing Complex', 123, 'Jackfish'),
(451, 9, 'Korea-Philippines Seafood Processing Complex', 124, 'Catfish'),
(452, 9, 'Korea-Philippines Seafood Processing Complex', 125, 'Snail'),
(453, 9, 'Korea-Philippines Seafood Processing Complex', 126, 'Moonfish'),
(454, 10, 'Amanda’s Marine Products', 90, 'Tilapia'),
(455, 10, 'Amanda’s Marine Products', 91, 'Yellowfin Tuna'),
(456, 10, 'Amanda’s Marine Products', 93, 'Bangus'),
(457, 10, 'Amanda’s Marine Products', 94, 'Lapu Lapu'),
(458, 10, 'Amanda’s Marine Products', 95, 'Tamban'),
(459, 10, 'Amanda’s Marine Products', 96, 'Anchovies'),
(460, 10, 'Amanda’s Marine Products', 97, 'Red Snapper'),
(461, 10, 'Amanda’s Marine Products', 98, 'Tulingan'),
(462, 10, 'Amanda’s Marine Products', 99, 'Galunggong'),
(463, 10, 'Amanda’s Marine Products', 100, 'Dalagang Bukid'),
(464, 10, 'Amanda’s Marine Products', 101, 'Slipmouth Fish'),
(465, 10, 'Amanda’s Marine Products', 102, 'Hasahasa'),
(466, 10, 'Amanda’s Marine Products', 103, 'Barramundi'),
(467, 10, 'Amanda’s Marine Products', 104, 'Pompano'),
(468, 10, 'Amanda’s Marine Products', 105, 'Threadfin Bream'),
(469, 10, 'Amanda’s Marine Products', 106, 'Tanigue Steak Cut'),
(470, 10, 'Amanda’s Marine Products', 107, 'Shrimps'),
(471, 10, 'Amanda’s Marine Products', 108, 'Alumahan'),
(472, 10, 'Amanda’s Marine Products', 109, 'Salmon Fillet'),
(473, 10, 'Amanda’s Marine Products', 111, 'Caviar'),
(474, 10, 'Amanda’s Marine Products', 112, 'Pusit'),
(475, 10, 'Amanda’s Marine Products', 113, 'Sugpo'),
(476, 10, 'Amanda’s Marine Products', 114, 'Oyster'),
(477, 10, 'Amanda’s Marine Products', 115, 'Mussels'),
(478, 10, 'Amanda’s Marine Products', 116, 'Crab'),
(479, 10, 'Amanda’s Marine Products', 117, 'Mud Crab'),
(480, 10, 'Amanda’s Marine Products', 118, 'Blue Marlin Cut'),
(481, 10, 'Amanda’s Marine Products', 119, 'Tawilis'),
(482, 10, 'Amanda’s Marine Products', 120, 'Tinapa Salinas'),
(483, 10, 'Amanda’s Marine Products', 121, 'Tuyo Salinas'),
(484, 10, 'Amanda’s Marine Products', 122, 'Labahita'),
(485, 10, 'Amanda’s Marine Products', 123, 'Jackfish'),
(486, 10, 'Amanda’s Marine Products', 124, 'Catfish'),
(487, 10, 'Amanda’s Marine Products', 125, 'Snail'),
(488, 10, 'Amanda’s Marine Products', 126, 'Moonfish'),
(489, 11, 'Angel Farmers Gourmet Food Corp.', 90, 'Tilapia'),
(490, 11, 'Angel Farmers Gourmet Food Corp.', 91, 'Yellowfin Tuna'),
(491, 11, 'Angel Farmers Gourmet Food Corp.', 93, 'Bangus'),
(492, 11, 'Angel Farmers Gourmet Food Corp.', 94, 'Lapu Lapu'),
(493, 11, 'Angel Farmers Gourmet Food Corp.', 95, 'Tamban'),
(494, 11, 'Angel Farmers Gourmet Food Corp.', 96, 'Anchovies'),
(495, 11, 'Angel Farmers Gourmet Food Corp.', 97, 'Red Snapper'),
(496, 11, 'Angel Farmers Gourmet Food Corp.', 98, 'Tulingan'),
(497, 11, 'Angel Farmers Gourmet Food Corp.', 99, 'Galunggong'),
(498, 11, 'Angel Farmers Gourmet Food Corp.', 100, 'Dalagang Bukid'),
(499, 11, 'Angel Farmers Gourmet Food Corp.', 101, 'Slipmouth Fish'),
(500, 11, 'Angel Farmers Gourmet Food Corp.', 102, 'Hasahasa'),
(501, 11, 'Angel Farmers Gourmet Food Corp.', 103, 'Barramundi'),
(502, 11, 'Angel Farmers Gourmet Food Corp.', 104, 'Pompano'),
(503, 11, 'Angel Farmers Gourmet Food Corp.', 105, 'Threadfin Bream'),
(504, 11, 'Angel Farmers Gourmet Food Corp.', 106, 'Tanigue Steak Cut'),
(505, 11, 'Angel Farmers Gourmet Food Corp.', 107, 'Shrimps'),
(506, 11, 'Angel Farmers Gourmet Food Corp.', 108, 'Alumahan'),
(507, 11, 'Angel Farmers Gourmet Food Corp.', 109, 'Salmon Fillet'),
(508, 11, 'Angel Farmers Gourmet Food Corp.', 111, 'Caviar'),
(509, 11, 'Angel Farmers Gourmet Food Corp.', 112, 'Pusit'),
(510, 11, 'Angel Farmers Gourmet Food Corp.', 113, 'Sugpo'),
(511, 11, 'Angel Farmers Gourmet Food Corp.', 114, 'Oyster'),
(512, 11, 'Angel Farmers Gourmet Food Corp.', 115, 'Mussels'),
(513, 11, 'Angel Farmers Gourmet Food Corp.', 116, 'Crab'),
(514, 11, 'Angel Farmers Gourmet Food Corp.', 117, 'Mud Crab'),
(515, 11, 'Angel Farmers Gourmet Food Corp.', 118, 'Blue Marlin Cut'),
(516, 11, 'Angel Farmers Gourmet Food Corp.', 119, 'Tawilis'),
(517, 11, 'Angel Farmers Gourmet Food Corp.', 120, 'Tinapa Salinas'),
(518, 11, 'Angel Farmers Gourmet Food Corp.', 121, 'Tuyo Salinas'),
(519, 11, 'Angel Farmers Gourmet Food Corp.', 122, 'Labahita'),
(520, 11, 'Angel Farmers Gourmet Food Corp.', 123, 'Jackfish'),
(521, 11, 'Angel Farmers Gourmet Food Corp.', 124, 'Catfish'),
(522, 11, 'Angel Farmers Gourmet Food Corp.', 125, 'Snail'),
(523, 11, 'Angel Farmers Gourmet Food Corp.', 126, 'Moonfish'),
(524, 12, 'Bulacan HJR International Incorporation', 90, 'Tilapia'),
(525, 12, 'Bulacan HJR International Incorporation', 91, 'Yellowfin Tuna'),
(526, 12, 'Bulacan HJR International Incorporation', 93, 'Bangus'),
(527, 12, 'Bulacan HJR International Incorporation', 94, 'Lapu Lapu'),
(528, 12, 'Bulacan HJR International Incorporation', 95, 'Tamban'),
(529, 12, 'Bulacan HJR International Incorporation', 96, 'Anchovies'),
(530, 12, 'Bulacan HJR International Incorporation', 97, 'Red Snapper'),
(531, 12, 'Bulacan HJR International Incorporation', 98, 'Tulingan'),
(532, 12, 'Bulacan HJR International Incorporation', 99, 'Galunggong'),
(533, 12, 'Bulacan HJR International Incorporation', 100, 'Dalagang Bukid'),
(534, 12, 'Bulacan HJR International Incorporation', 101, 'Slipmouth Fish'),
(535, 12, 'Bulacan HJR International Incorporation', 102, 'Hasahasa'),
(536, 12, 'Bulacan HJR International Incorporation', 103, 'Barramundi'),
(537, 12, 'Bulacan HJR International Incorporation', 104, 'Pompano'),
(538, 12, 'Bulacan HJR International Incorporation', 105, 'Threadfin Bream'),
(539, 12, 'Bulacan HJR International Incorporation', 106, 'Tanigue Steak Cut'),
(540, 12, 'Bulacan HJR International Incorporation', 107, 'Shrimps'),
(541, 12, 'Bulacan HJR International Incorporation', 108, 'Alumahan'),
(542, 12, 'Bulacan HJR International Incorporation', 109, 'Salmon Fillet'),
(543, 12, 'Bulacan HJR International Incorporation', 111, 'Caviar'),
(544, 12, 'Bulacan HJR International Incorporation', 112, 'Pusit'),
(545, 12, 'Bulacan HJR International Incorporation', 113, 'Sugpo'),
(546, 12, 'Bulacan HJR International Incorporation', 114, 'Oyster'),
(547, 12, 'Bulacan HJR International Incorporation', 115, 'Mussels'),
(548, 12, 'Bulacan HJR International Incorporation', 116, 'Crab'),
(549, 12, 'Bulacan HJR International Incorporation', 117, 'Mud Crab'),
(550, 12, 'Bulacan HJR International Incorporation', 118, 'Blue Marlin Cut'),
(551, 12, 'Bulacan HJR International Incorporation', 119, 'Tawilis'),
(552, 12, 'Bulacan HJR International Incorporation', 120, 'Tinapa Salinas'),
(553, 12, 'Bulacan HJR International Incorporation', 121, 'Tuyo Salinas'),
(554, 12, 'Bulacan HJR International Incorporation', 122, 'Labahita'),
(555, 12, 'Bulacan HJR International Incorporation', 123, 'Jackfish'),
(556, 12, 'Bulacan HJR International Incorporation', 124, 'Catfish'),
(557, 12, 'Bulacan HJR International Incorporation', 125, 'Snail'),
(558, 12, 'Bulacan HJR International Incorporation', 126, 'Moonfish'),
(559, 13, 'Elite Del Dragon Inc.', 90, 'Tilapia'),
(560, 13, 'Elite Del Dragon Inc.', 91, 'Yellowfin Tuna'),
(561, 13, 'Elite Del Dragon Inc.', 93, 'Bangus'),
(562, 13, 'Elite Del Dragon Inc.', 94, 'Lapu Lapu'),
(563, 13, 'Elite Del Dragon Inc.', 95, 'Tamban'),
(564, 13, 'Elite Del Dragon Inc.', 96, 'Anchovies'),
(565, 13, 'Elite Del Dragon Inc.', 97, 'Red Snapper'),
(566, 13, 'Elite Del Dragon Inc.', 98, 'Tulingan'),
(567, 13, 'Elite Del Dragon Inc.', 99, 'Galunggong'),
(568, 13, 'Elite Del Dragon Inc.', 100, 'Dalagang Bukid'),
(569, 13, 'Elite Del Dragon Inc.', 101, 'Slipmouth Fish'),
(570, 13, 'Elite Del Dragon Inc.', 102, 'Hasahasa'),
(571, 13, 'Elite Del Dragon Inc.', 103, 'Barramundi'),
(572, 13, 'Elite Del Dragon Inc.', 104, 'Pompano'),
(573, 13, 'Elite Del Dragon Inc.', 105, 'Threadfin Bream'),
(574, 13, 'Elite Del Dragon Inc.', 106, 'Tanigue Steak Cut'),
(575, 13, 'Elite Del Dragon Inc.', 107, 'Shrimps'),
(576, 13, 'Elite Del Dragon Inc.', 108, 'Alumahan'),
(577, 13, 'Elite Del Dragon Inc.', 109, 'Salmon Fillet'),
(578, 13, 'Elite Del Dragon Inc.', 111, 'Caviar'),
(579, 13, 'Elite Del Dragon Inc.', 112, 'Pusit'),
(580, 13, 'Elite Del Dragon Inc.', 113, 'Sugpo'),
(581, 13, 'Elite Del Dragon Inc.', 114, 'Oyster'),
(582, 13, 'Elite Del Dragon Inc.', 115, 'Mussels'),
(583, 13, 'Elite Del Dragon Inc.', 116, 'Crab'),
(584, 13, 'Elite Del Dragon Inc.', 117, 'Mud Crab'),
(585, 13, 'Elite Del Dragon Inc.', 118, 'Blue Marlin Cut'),
(586, 13, 'Elite Del Dragon Inc.', 119, 'Tawilis'),
(587, 13, 'Elite Del Dragon Inc.', 120, 'Tinapa Salinas'),
(588, 13, 'Elite Del Dragon Inc.', 121, 'Tuyo Salinas'),
(589, 13, 'Elite Del Dragon Inc.', 122, 'Labahita'),
(590, 13, 'Elite Del Dragon Inc.', 123, 'Jackfish'),
(591, 13, 'Elite Del Dragon Inc.', 124, 'Catfish'),
(592, 13, 'Elite Del Dragon Inc.', 125, 'Snail'),
(593, 13, 'Elite Del Dragon Inc.', 126, 'Moonfish'),
(594, 14, 'Golden Tiger Export Ventures, Inc', 90, 'Tilapia'),
(595, 14, 'Golden Tiger Export Ventures, Inc', 91, 'Yellowfin Tuna'),
(596, 14, 'Golden Tiger Export Ventures, Inc', 93, 'Bangus'),
(597, 14, 'Golden Tiger Export Ventures, Inc', 94, 'Lapu Lapu'),
(598, 14, 'Golden Tiger Export Ventures, Inc', 95, 'Tamban'),
(599, 14, 'Golden Tiger Export Ventures, Inc', 96, 'Anchovies'),
(600, 14, 'Golden Tiger Export Ventures, Inc', 97, 'Red Snapper'),
(601, 14, 'Golden Tiger Export Ventures, Inc', 98, 'Tulingan'),
(602, 14, 'Golden Tiger Export Ventures, Inc', 99, 'Galunggong'),
(603, 14, 'Golden Tiger Export Ventures, Inc', 100, 'Dalagang Bukid'),
(604, 14, 'Golden Tiger Export Ventures, Inc', 101, 'Slipmouth Fish'),
(605, 14, 'Golden Tiger Export Ventures, Inc', 102, 'Hasahasa'),
(606, 14, 'Golden Tiger Export Ventures, Inc', 103, 'Barramundi'),
(607, 14, 'Golden Tiger Export Ventures, Inc', 104, 'Pompano'),
(608, 14, 'Golden Tiger Export Ventures, Inc', 105, 'Threadfin Bream'),
(609, 14, 'Golden Tiger Export Ventures, Inc', 106, 'Tanigue Steak Cut'),
(610, 14, 'Golden Tiger Export Ventures, Inc', 107, 'Shrimps'),
(611, 14, 'Golden Tiger Export Ventures, Inc', 108, 'Alumahan'),
(612, 14, 'Golden Tiger Export Ventures, Inc', 109, 'Salmon Fillet'),
(613, 14, 'Golden Tiger Export Ventures, Inc', 111, 'Caviar'),
(614, 14, 'Golden Tiger Export Ventures, Inc', 112, 'Pusit'),
(615, 14, 'Golden Tiger Export Ventures, Inc', 113, 'Sugpo'),
(616, 14, 'Golden Tiger Export Ventures, Inc', 114, 'Oyster'),
(617, 14, 'Golden Tiger Export Ventures, Inc', 115, 'Mussels'),
(618, 14, 'Golden Tiger Export Ventures, Inc', 116, 'Crab'),
(619, 14, 'Golden Tiger Export Ventures, Inc', 117, 'Mud Crab'),
(620, 14, 'Golden Tiger Export Ventures, Inc', 118, 'Blue Marlin Cut'),
(621, 14, 'Golden Tiger Export Ventures, Inc', 119, 'Tawilis'),
(622, 14, 'Golden Tiger Export Ventures, Inc', 120, 'Tinapa Salinas'),
(623, 14, 'Golden Tiger Export Ventures, Inc', 121, 'Tuyo Salinas'),
(624, 14, 'Golden Tiger Export Ventures, Inc', 122, 'Labahita'),
(625, 14, 'Golden Tiger Export Ventures, Inc', 123, 'Jackfish'),
(626, 14, 'Golden Tiger Export Ventures, Inc', 124, 'Catfish'),
(627, 14, 'Golden Tiger Export Ventures, Inc', 125, 'Snail'),
(628, 14, 'Golden Tiger Export Ventures, Inc', 126, 'Moonfish'),
(629, 15, 'Mica by the Sea', 90, 'Tilapia'),
(630, 15, 'Mica by the Sea', 91, 'Yellowfin Tuna'),
(631, 15, 'Mica by the Sea', 93, 'Bangus'),
(632, 15, 'Mica by the Sea', 94, 'Lapu Lapu'),
(633, 15, 'Mica by the Sea', 95, 'Tamban'),
(634, 15, 'Mica by the Sea', 96, 'Anchovies'),
(635, 15, 'Mica by the Sea', 97, 'Red Snapper'),
(636, 15, 'Mica by the Sea', 98, 'Tulingan'),
(637, 15, 'Mica by the Sea', 99, 'Galunggong'),
(638, 15, 'Mica by the Sea', 100, 'Dalagang Bukid'),
(639, 15, 'Mica by the Sea', 101, 'Slipmouth Fish'),
(640, 15, 'Mica by the Sea', 102, 'Hasahasa'),
(641, 15, 'Mica by the Sea', 103, 'Barramundi'),
(642, 15, 'Mica by the Sea', 104, 'Pompano'),
(643, 15, 'Mica by the Sea', 105, 'Threadfin Bream'),
(644, 15, 'Mica by the Sea', 106, 'Tanigue Steak Cut'),
(645, 15, 'Mica by the Sea', 107, 'Shrimps'),
(646, 15, 'Mica by the Sea', 108, 'Alumahan'),
(647, 15, 'Mica by the Sea', 109, 'Salmon Fillet'),
(648, 15, 'Mica by the Sea', 111, 'Caviar'),
(649, 15, 'Mica by the Sea', 112, 'Pusit'),
(650, 15, 'Mica by the Sea', 113, 'Sugpo'),
(651, 15, 'Mica by the Sea', 114, 'Oyster'),
(652, 15, 'Mica by the Sea', 115, 'Mussels'),
(653, 15, 'Mica by the Sea', 116, 'Crab'),
(654, 15, 'Mica by the Sea', 117, 'Mud Crab'),
(655, 15, 'Mica by the Sea', 118, 'Blue Marlin Cut'),
(656, 15, 'Mica by the Sea', 119, 'Tawilis'),
(657, 15, 'Mica by the Sea', 120, 'Tinapa Salinas'),
(658, 15, 'Mica by the Sea', 121, 'Tuyo Salinas'),
(659, 15, 'Mica by the Sea', 122, 'Labahita'),
(660, 15, 'Mica by the Sea', 123, 'Jackfish'),
(661, 15, 'Mica by the Sea', 124, 'Catfish'),
(662, 15, 'Mica by the Sea', 125, 'Snail'),
(663, 15, 'Mica by the Sea', 126, 'Moonfish'),
(664, 16, 'TGA Foods Corp.', 90, 'Tilapia'),
(665, 16, 'TGA Foods Corp.', 91, 'Yellowfin Tuna'),
(666, 16, 'TGA Foods Corp.', 93, 'Bangus'),
(667, 16, 'TGA Foods Corp.', 94, 'Lapu Lapu'),
(668, 16, 'TGA Foods Corp.', 95, 'Tamban'),
(669, 16, 'TGA Foods Corp.', 96, 'Anchovies'),
(670, 16, 'TGA Foods Corp.', 97, 'Red Snapper'),
(671, 16, 'TGA Foods Corp.', 98, 'Tulingan'),
(672, 16, 'TGA Foods Corp.', 99, 'Galunggong'),
(673, 16, 'TGA Foods Corp.', 100, 'Dalagang Bukid'),
(674, 16, 'TGA Foods Corp.', 101, 'Slipmouth Fish'),
(675, 16, 'TGA Foods Corp.', 102, 'Hasahasa'),
(676, 16, 'TGA Foods Corp.', 103, 'Barramundi'),
(677, 16, 'TGA Foods Corp.', 104, 'Pompano'),
(678, 16, 'TGA Foods Corp.', 105, 'Threadfin Bream'),
(679, 16, 'TGA Foods Corp.', 106, 'Tanigue Steak Cut'),
(680, 16, 'TGA Foods Corp.', 107, 'Shrimps'),
(681, 16, 'TGA Foods Corp.', 108, 'Alumahan'),
(682, 16, 'TGA Foods Corp.', 109, 'Salmon Fillet'),
(683, 16, 'TGA Foods Corp.', 111, 'Caviar'),
(684, 16, 'TGA Foods Corp.', 112, 'Pusit'),
(685, 16, 'TGA Foods Corp.', 113, 'Sugpo'),
(686, 16, 'TGA Foods Corp.', 114, 'Oyster'),
(687, 16, 'TGA Foods Corp.', 115, 'Mussels'),
(688, 16, 'TGA Foods Corp.', 116, 'Crab'),
(689, 16, 'TGA Foods Corp.', 117, 'Mud Crab'),
(690, 16, 'TGA Foods Corp.', 118, 'Blue Marlin Cut'),
(691, 16, 'TGA Foods Corp.', 119, 'Tawilis'),
(692, 16, 'TGA Foods Corp.', 120, 'Tinapa Salinas'),
(693, 16, 'TGA Foods Corp.', 121, 'Tuyo Salinas'),
(694, 16, 'TGA Foods Corp.', 122, 'Labahita'),
(695, 16, 'TGA Foods Corp.', 123, 'Jackfish'),
(696, 16, 'TGA Foods Corp.', 124, 'Catfish'),
(697, 16, 'TGA Foods Corp.', 125, 'Snail'),
(698, 16, 'TGA Foods Corp.', 126, 'Moonfish'),
(699, 17, 'Aling Ludy’s Seafood Dealer', 90, 'Tilapia'),
(700, 17, 'Aling Ludy’s Seafood Dealer', 91, 'Yellowfin Tuna'),
(701, 17, 'Aling Ludy’s Seafood Dealer', 93, 'Bangus'),
(702, 17, 'Aling Ludy’s Seafood Dealer', 94, 'Lapu Lapu'),
(703, 17, 'Aling Ludy’s Seafood Dealer', 95, 'Tamban'),
(704, 17, 'Aling Ludy’s Seafood Dealer', 96, 'Anchovies'),
(705, 17, 'Aling Ludy’s Seafood Dealer', 97, 'Red Snapper'),
(706, 17, 'Aling Ludy’s Seafood Dealer', 98, 'Tulingan'),
(707, 17, 'Aling Ludy’s Seafood Dealer', 99, 'Galunggong'),
(708, 17, 'Aling Ludy’s Seafood Dealer', 100, 'Dalagang Bukid'),
(709, 17, 'Aling Ludy’s Seafood Dealer', 101, 'Slipmouth Fish'),
(710, 17, 'Aling Ludy’s Seafood Dealer', 102, 'Hasahasa'),
(711, 17, 'Aling Ludy’s Seafood Dealer', 103, 'Barramundi'),
(712, 17, 'Aling Ludy’s Seafood Dealer', 104, 'Pompano'),
(713, 17, 'Aling Ludy’s Seafood Dealer', 105, 'Threadfin Bream'),
(714, 17, 'Aling Ludy’s Seafood Dealer', 106, 'Tanigue Steak Cut'),
(715, 17, 'Aling Ludy’s Seafood Dealer', 107, 'Shrimps'),
(716, 17, 'Aling Ludy’s Seafood Dealer', 108, 'Alumahan'),
(717, 17, 'Aling Ludy’s Seafood Dealer', 109, 'Salmon Fillet'),
(718, 17, 'Aling Ludy’s Seafood Dealer', 111, 'Caviar'),
(719, 17, 'Aling Ludy’s Seafood Dealer', 112, 'Pusit'),
(720, 17, 'Aling Ludy’s Seafood Dealer', 113, 'Sugpo'),
(721, 17, 'Aling Ludy’s Seafood Dealer', 114, 'Oyster'),
(722, 17, 'Aling Ludy’s Seafood Dealer', 115, 'Mussels'),
(723, 17, 'Aling Ludy’s Seafood Dealer', 116, 'Crab'),
(724, 17, 'Aling Ludy’s Seafood Dealer', 117, 'Mud Crab'),
(725, 17, 'Aling Ludy’s Seafood Dealer', 118, 'Blue Marlin Cut'),
(726, 17, 'Aling Ludy’s Seafood Dealer', 119, 'Tawilis'),
(727, 17, 'Aling Ludy’s Seafood Dealer', 120, 'Tinapa Salinas'),
(728, 17, 'Aling Ludy’s Seafood Dealer', 121, 'Tuyo Salinas'),
(729, 17, 'Aling Ludy’s Seafood Dealer', 122, 'Labahita'),
(730, 17, 'Aling Ludy’s Seafood Dealer', 123, 'Jackfish'),
(731, 17, 'Aling Ludy’s Seafood Dealer', 124, 'Catfish'),
(732, 17, 'Aling Ludy’s Seafood Dealer', 125, 'Snail'),
(733, 17, 'Aling Ludy’s Seafood Dealer', 126, 'Moonfish'),
(734, 18, 'Akian Food Processing Corp.', 90, 'Tilapia'),
(735, 18, 'Akian Food Processing Corp.', 91, 'Yellowfin Tuna'),
(736, 18, 'Akian Food Processing Corp.', 93, 'Bangus'),
(737, 18, 'Akian Food Processing Corp.', 94, 'Lapu Lapu'),
(738, 18, 'Akian Food Processing Corp.', 95, 'Tamban'),
(739, 18, 'Akian Food Processing Corp.', 96, 'Anchovies'),
(740, 18, 'Akian Food Processing Corp.', 97, 'Red Snapper'),
(741, 18, 'Akian Food Processing Corp.', 98, 'Tulingan'),
(742, 18, 'Akian Food Processing Corp.', 99, 'Galunggong'),
(743, 18, 'Akian Food Processing Corp.', 100, 'Dalagang Bukid'),
(744, 18, 'Akian Food Processing Corp.', 101, 'Slipmouth Fish'),
(745, 18, 'Akian Food Processing Corp.', 102, 'Hasahasa'),
(746, 18, 'Akian Food Processing Corp.', 103, 'Barramundi'),
(747, 18, 'Akian Food Processing Corp.', 104, 'Pompano'),
(748, 18, 'Akian Food Processing Corp.', 105, 'Threadfin Bream'),
(749, 18, 'Akian Food Processing Corp.', 106, 'Tanigue Steak Cut'),
(750, 18, 'Akian Food Processing Corp.', 107, 'Shrimps'),
(751, 18, 'Akian Food Processing Corp.', 108, 'Alumahan'),
(752, 18, 'Akian Food Processing Corp.', 109, 'Salmon Fillet'),
(753, 18, 'Akian Food Processing Corp.', 111, 'Caviar'),
(754, 18, 'Akian Food Processing Corp.', 112, 'Pusit'),
(755, 18, 'Akian Food Processing Corp.', 113, 'Sugpo'),
(756, 18, 'Akian Food Processing Corp.', 114, 'Oyster'),
(757, 18, 'Akian Food Processing Corp.', 115, 'Mussels'),
(758, 18, 'Akian Food Processing Corp.', 116, 'Crab'),
(759, 18, 'Akian Food Processing Corp.', 117, 'Mud Crab'),
(760, 18, 'Akian Food Processing Corp.', 118, 'Blue Marlin Cut'),
(761, 18, 'Akian Food Processing Corp.', 119, 'Tawilis'),
(762, 18, 'Akian Food Processing Corp.', 120, 'Tinapa Salinas'),
(763, 18, 'Akian Food Processing Corp.', 121, 'Tuyo Salinas'),
(764, 18, 'Akian Food Processing Corp.', 122, 'Labahita'),
(765, 18, 'Akian Food Processing Corp.', 123, 'Jackfish'),
(766, 18, 'Akian Food Processing Corp.', 124, 'Catfish'),
(767, 18, 'Akian Food Processing Corp.', 125, 'Snail'),
(768, 18, 'Akian Food Processing Corp.', 126, 'Moonfish'),
(769, 19, 'Arko Food Phils, Inc', 90, 'Tilapia'),
(770, 19, 'Arko Food Phils, Inc', 91, 'Yellowfin Tuna'),
(771, 19, 'Arko Food Phils, Inc', 93, 'Bangus'),
(772, 19, 'Arko Food Phils, Inc', 94, 'Lapu Lapu'),
(773, 19, 'Arko Food Phils, Inc', 95, 'Tamban'),
(774, 19, 'Arko Food Phils, Inc', 96, 'Anchovies'),
(775, 19, 'Arko Food Phils, Inc', 97, 'Red Snapper'),
(776, 19, 'Arko Food Phils, Inc', 98, 'Tulingan'),
(777, 19, 'Arko Food Phils, Inc', 99, 'Galunggong'),
(778, 19, 'Arko Food Phils, Inc', 100, 'Dalagang Bukid'),
(779, 19, 'Arko Food Phils, Inc', 101, 'Slipmouth Fish'),
(780, 19, 'Arko Food Phils, Inc', 102, 'Hasahasa'),
(781, 19, 'Arko Food Phils, Inc', 103, 'Barramundi'),
(782, 19, 'Arko Food Phils, Inc', 104, 'Pompano'),
(783, 19, 'Arko Food Phils, Inc', 105, 'Threadfin Bream'),
(784, 19, 'Arko Food Phils, Inc', 106, 'Tanigue Steak Cut'),
(785, 19, 'Arko Food Phils, Inc', 107, 'Shrimps'),
(786, 19, 'Arko Food Phils, Inc', 108, 'Alumahan'),
(787, 19, 'Arko Food Phils, Inc', 109, 'Salmon Fillet'),
(788, 19, 'Arko Food Phils, Inc', 111, 'Caviar'),
(789, 19, 'Arko Food Phils, Inc', 112, 'Pusit'),
(790, 19, 'Arko Food Phils, Inc', 113, 'Sugpo'),
(791, 19, 'Arko Food Phils, Inc', 114, 'Oyster'),
(792, 19, 'Arko Food Phils, Inc', 115, 'Mussels'),
(793, 19, 'Arko Food Phils, Inc', 116, 'Crab'),
(794, 19, 'Arko Food Phils, Inc', 117, 'Mud Crab'),
(795, 19, 'Arko Food Phils, Inc', 118, 'Blue Marlin Cut'),
(796, 19, 'Arko Food Phils, Inc', 119, 'Tawilis'),
(797, 19, 'Arko Food Phils, Inc', 120, 'Tinapa Salinas'),
(798, 19, 'Arko Food Phils, Inc', 121, 'Tuyo Salinas'),
(799, 19, 'Arko Food Phils, Inc', 122, 'Labahita'),
(800, 19, 'Arko Food Phils, Inc', 123, 'Jackfish'),
(801, 19, 'Arko Food Phils, Inc', 124, 'Catfish'),
(802, 19, 'Arko Food Phils, Inc', 125, 'Snail'),
(803, 19, 'Arko Food Phils, Inc', 126, 'Moonfish'),
(804, 20, 'AFOW Marine Product', 90, 'Tilapia'),
(805, 20, 'AFOW Marine Product', 91, 'Yellowfin Tuna'),
(806, 20, 'AFOW Marine Product', 93, 'Bangus'),
(807, 20, 'AFOW Marine Product', 94, 'Lapu Lapu'),
(808, 20, 'AFOW Marine Product', 95, 'Tamban'),
(809, 20, 'AFOW Marine Product', 96, 'Anchovies'),
(810, 20, 'AFOW Marine Product', 97, 'Red Snapper'),
(811, 20, 'AFOW Marine Product', 98, 'Tulingan'),
(812, 20, 'AFOW Marine Product', 99, 'Galunggong'),
(813, 20, 'AFOW Marine Product', 100, 'Dalagang Bukid'),
(814, 20, 'AFOW Marine Product', 101, 'Slipmouth Fish'),
(815, 20, 'AFOW Marine Product', 102, 'Hasahasa'),
(816, 20, 'AFOW Marine Product', 103, 'Barramundi'),
(817, 20, 'AFOW Marine Product', 104, 'Pompano'),
(818, 20, 'AFOW Marine Product', 105, 'Threadfin Bream'),
(819, 20, 'AFOW Marine Product', 106, 'Tanigue Steak Cut'),
(820, 20, 'AFOW Marine Product', 107, 'Shrimps'),
(821, 20, 'AFOW Marine Product', 108, 'Alumahan'),
(822, 20, 'AFOW Marine Product', 109, 'Salmon Fillet'),
(823, 20, 'AFOW Marine Product', 111, 'Caviar'),
(824, 20, 'AFOW Marine Product', 112, 'Pusit'),
(825, 20, 'AFOW Marine Product', 113, 'Sugpo'),
(826, 20, 'AFOW Marine Product', 114, 'Oyster'),
(827, 20, 'AFOW Marine Product', 115, 'Mussels'),
(828, 20, 'AFOW Marine Product', 116, 'Crab'),
(829, 20, 'AFOW Marine Product', 117, 'Mud Crab'),
(830, 20, 'AFOW Marine Product', 118, 'Blue Marlin Cut'),
(831, 20, 'AFOW Marine Product', 119, 'Tawilis'),
(832, 20, 'AFOW Marine Product', 120, 'Tinapa Salinas'),
(833, 20, 'AFOW Marine Product', 121, 'Tuyo Salinas'),
(834, 20, 'AFOW Marine Product', 122, 'Labahita'),
(835, 20, 'AFOW Marine Product', 123, 'Jackfish'),
(836, 20, 'AFOW Marine Product', 124, 'Catfish'),
(837, 20, 'AFOW Marine Product', 125, 'Snail'),
(838, 20, 'AFOW Marine Product', 126, 'Moonfish'),
(839, 21, 'A. Tung Chingco Manufacturing Corp.', 90, 'Tilapia'),
(840, 21, 'A. Tung Chingco Manufacturing Corp.', 91, 'Yellowfin Tuna'),
(841, 21, 'A. Tung Chingco Manufacturing Corp.', 93, 'Bangus'),
(842, 21, 'A. Tung Chingco Manufacturing Corp.', 94, 'Lapu Lapu'),
(843, 21, 'A. Tung Chingco Manufacturing Corp.', 95, 'Tamban'),
(844, 21, 'A. Tung Chingco Manufacturing Corp.', 96, 'Anchovies'),
(845, 21, 'A. Tung Chingco Manufacturing Corp.', 97, 'Red Snapper'),
(846, 21, 'A. Tung Chingco Manufacturing Corp.', 98, 'Tulingan'),
(847, 21, 'A. Tung Chingco Manufacturing Corp.', 99, 'Galunggong'),
(848, 21, 'A. Tung Chingco Manufacturing Corp.', 100, 'Dalagang Bukid'),
(849, 21, 'A. Tung Chingco Manufacturing Corp.', 101, 'Slipmouth Fish'),
(850, 21, 'A. Tung Chingco Manufacturing Corp.', 102, 'Hasahasa'),
(851, 21, 'A. Tung Chingco Manufacturing Corp.', 103, 'Barramundi'),
(852, 21, 'A. Tung Chingco Manufacturing Corp.', 104, 'Pompano'),
(853, 21, 'A. Tung Chingco Manufacturing Corp.', 105, 'Threadfin Bream'),
(854, 21, 'A. Tung Chingco Manufacturing Corp.', 106, 'Tanigue Steak Cut'),
(855, 21, 'A. Tung Chingco Manufacturing Corp.', 107, 'Shrimps'),
(856, 21, 'A. Tung Chingco Manufacturing Corp.', 108, 'Alumahan'),
(857, 21, 'A. Tung Chingco Manufacturing Corp.', 109, 'Salmon Fillet'),
(858, 21, 'A. Tung Chingco Manufacturing Corp.', 111, 'Caviar'),
(859, 21, 'A. Tung Chingco Manufacturing Corp.', 112, 'Pusit'),
(860, 21, 'A. Tung Chingco Manufacturing Corp.', 113, 'Sugpo'),
(861, 21, 'A. Tung Chingco Manufacturing Corp.', 114, 'Oyster'),
(862, 21, 'A. Tung Chingco Manufacturing Corp.', 115, 'Mussels'),
(863, 21, 'A. Tung Chingco Manufacturing Corp.', 116, 'Crab'),
(864, 21, 'A. Tung Chingco Manufacturing Corp.', 117, 'Mud Crab'),
(865, 21, 'A. Tung Chingco Manufacturing Corp.', 118, 'Blue Marlin Cut'),
(866, 21, 'A. Tung Chingco Manufacturing Corp.', 119, 'Tawilis'),
(867, 21, 'A. Tung Chingco Manufacturing Corp.', 120, 'Tinapa Salinas'),
(868, 21, 'A. Tung Chingco Manufacturing Corp.', 121, 'Tuyo Salinas'),
(869, 21, 'A. Tung Chingco Manufacturing Corp.', 122, 'Labahita'),
(870, 21, 'A. Tung Chingco Manufacturing Corp.', 123, 'Jackfish'),
(871, 21, 'A. Tung Chingco Manufacturing Corp.', 124, 'Catfish'),
(872, 21, 'A. Tung Chingco Manufacturing Corp.', 125, 'Snail'),
(873, 21, 'A. Tung Chingco Manufacturing Corp.', 126, 'Moonfish'),
(874, 22, 'Bernas Seafoods Trading', 90, 'Tilapia'),
(875, 22, 'Bernas Seafoods Trading', 91, 'Yellowfin Tuna'),
(876, 22, 'Bernas Seafoods Trading', 93, 'Bangus'),
(877, 22, 'Bernas Seafoods Trading', 94, 'Lapu Lapu'),
(878, 22, 'Bernas Seafoods Trading', 95, 'Tamban'),
(879, 22, 'Bernas Seafoods Trading', 96, 'Anchovies'),
(880, 22, 'Bernas Seafoods Trading', 97, 'Red Snapper'),
(881, 22, 'Bernas Seafoods Trading', 98, 'Tulingan'),
(882, 22, 'Bernas Seafoods Trading', 99, 'Galunggong'),
(883, 22, 'Bernas Seafoods Trading', 100, 'Dalagang Bukid'),
(884, 22, 'Bernas Seafoods Trading', 101, 'Slipmouth Fish'),
(885, 22, 'Bernas Seafoods Trading', 102, 'Hasahasa'),
(886, 22, 'Bernas Seafoods Trading', 103, 'Barramundi'),
(887, 22, 'Bernas Seafoods Trading', 104, 'Pompano'),
(888, 22, 'Bernas Seafoods Trading', 105, 'Threadfin Bream'),
(889, 22, 'Bernas Seafoods Trading', 106, 'Tanigue Steak Cut'),
(890, 22, 'Bernas Seafoods Trading', 107, 'Shrimps'),
(891, 22, 'Bernas Seafoods Trading', 108, 'Alumahan'),
(892, 22, 'Bernas Seafoods Trading', 109, 'Salmon Fillet'),
(893, 22, 'Bernas Seafoods Trading', 111, 'Caviar'),
(894, 22, 'Bernas Seafoods Trading', 112, 'Pusit'),
(895, 22, 'Bernas Seafoods Trading', 113, 'Sugpo'),
(896, 22, 'Bernas Seafoods Trading', 114, 'Oyster'),
(897, 22, 'Bernas Seafoods Trading', 115, 'Mussels'),
(898, 22, 'Bernas Seafoods Trading', 116, 'Crab'),
(899, 22, 'Bernas Seafoods Trading', 117, 'Mud Crab'),
(900, 22, 'Bernas Seafoods Trading', 118, 'Blue Marlin Cut'),
(901, 22, 'Bernas Seafoods Trading', 119, 'Tawilis'),
(902, 22, 'Bernas Seafoods Trading', 120, 'Tinapa Salinas'),
(903, 22, 'Bernas Seafoods Trading', 121, 'Tuyo Salinas'),
(904, 22, 'Bernas Seafoods Trading', 122, 'Labahita'),
(905, 22, 'Bernas Seafoods Trading', 123, 'Jackfish'),
(906, 22, 'Bernas Seafoods Trading', 124, 'Catfish'),
(907, 22, 'Bernas Seafoods Trading', 125, 'Snail'),
(908, 22, 'Bernas Seafoods Trading', 126, 'Moonfish'),
(909, 23, 'Bluefin Seafood Export, Inc.', 90, 'Tilapia'),
(910, 23, 'Bluefin Seafood Export, Inc.', 91, 'Yellowfin Tuna'),
(911, 23, 'Bluefin Seafood Export, Inc.', 93, 'Bangus'),
(912, 23, 'Bluefin Seafood Export, Inc.', 94, 'Lapu Lapu'),
(913, 23, 'Bluefin Seafood Export, Inc.', 95, 'Tamban'),
(914, 23, 'Bluefin Seafood Export, Inc.', 96, 'Anchovies'),
(915, 23, 'Bluefin Seafood Export, Inc.', 97, 'Red Snapper'),
(916, 23, 'Bluefin Seafood Export, Inc.', 98, 'Tulingan'),
(917, 23, 'Bluefin Seafood Export, Inc.', 99, 'Galunggong'),
(918, 23, 'Bluefin Seafood Export, Inc.', 100, 'Dalagang Bukid'),
(919, 23, 'Bluefin Seafood Export, Inc.', 101, 'Slipmouth Fish'),
(920, 23, 'Bluefin Seafood Export, Inc.', 102, 'Hasahasa'),
(921, 23, 'Bluefin Seafood Export, Inc.', 103, 'Barramundi'),
(922, 23, 'Bluefin Seafood Export, Inc.', 104, 'Pompano'),
(923, 23, 'Bluefin Seafood Export, Inc.', 105, 'Threadfin Bream'),
(924, 23, 'Bluefin Seafood Export, Inc.', 106, 'Tanigue Steak Cut'),
(925, 23, 'Bluefin Seafood Export, Inc.', 107, 'Shrimps'),
(926, 23, 'Bluefin Seafood Export, Inc.', 108, 'Alumahan'),
(927, 23, 'Bluefin Seafood Export, Inc.', 109, 'Salmon Fillet'),
(928, 23, 'Bluefin Seafood Export, Inc.', 111, 'Caviar'),
(929, 23, 'Bluefin Seafood Export, Inc.', 112, 'Pusit'),
(930, 23, 'Bluefin Seafood Export, Inc.', 113, 'Sugpo'),
(931, 23, 'Bluefin Seafood Export, Inc.', 114, 'Oyster'),
(932, 23, 'Bluefin Seafood Export, Inc.', 115, 'Mussels'),
(933, 23, 'Bluefin Seafood Export, Inc.', 116, 'Crab'),
(934, 23, 'Bluefin Seafood Export, Inc.', 117, 'Mud Crab'),
(935, 23, 'Bluefin Seafood Export, Inc.', 118, 'Blue Marlin Cut'),
(936, 23, 'Bluefin Seafood Export, Inc.', 119, 'Tawilis'),
(937, 23, 'Bluefin Seafood Export, Inc.', 120, 'Tinapa Salinas'),
(938, 23, 'Bluefin Seafood Export, Inc.', 121, 'Tuyo Salinas'),
(939, 23, 'Bluefin Seafood Export, Inc.', 122, 'Labahita'),
(940, 23, 'Bluefin Seafood Export, Inc.', 123, 'Jackfish'),
(941, 23, 'Bluefin Seafood Export, Inc.', 124, 'Catfish'),
(942, 23, 'Bluefin Seafood Export, Inc.', 125, 'Snail'),
(943, 23, 'Bluefin Seafood Export, Inc.', 126, 'Moonfish'),
(944, 24, 'Chen-Kao Marine Corp.', 90, 'Tilapia'),
(945, 24, 'Chen-Kao Marine Corp.', 91, 'Yellowfin Tuna'),
(946, 24, 'Chen-Kao Marine Corp.', 93, 'Bangus'),
(947, 24, 'Chen-Kao Marine Corp.', 94, 'Lapu Lapu'),
(948, 24, 'Chen-Kao Marine Corp.', 95, 'Tamban'),
(949, 24, 'Chen-Kao Marine Corp.', 96, 'Anchovies'),
(950, 24, 'Chen-Kao Marine Corp.', 97, 'Red Snapper'),
(951, 24, 'Chen-Kao Marine Corp.', 98, 'Tulingan'),
(952, 24, 'Chen-Kao Marine Corp.', 99, 'Galunggong'),
(953, 24, 'Chen-Kao Marine Corp.', 100, 'Dalagang Bukid'),
(954, 24, 'Chen-Kao Marine Corp.', 101, 'Slipmouth Fish'),
(955, 24, 'Chen-Kao Marine Corp.', 102, 'Hasahasa'),
(956, 24, 'Chen-Kao Marine Corp.', 103, 'Barramundi'),
(957, 24, 'Chen-Kao Marine Corp.', 104, 'Pompano'),
(958, 24, 'Chen-Kao Marine Corp.', 105, 'Threadfin Bream'),
(959, 24, 'Chen-Kao Marine Corp.', 106, 'Tanigue Steak Cut'),
(960, 24, 'Chen-Kao Marine Corp.', 107, 'Shrimps'),
(961, 24, 'Chen-Kao Marine Corp.', 108, 'Alumahan'),
(962, 24, 'Chen-Kao Marine Corp.', 109, 'Salmon Fillet'),
(963, 24, 'Chen-Kao Marine Corp.', 111, 'Caviar'),
(964, 24, 'Chen-Kao Marine Corp.', 112, 'Pusit'),
(965, 24, 'Chen-Kao Marine Corp.', 113, 'Sugpo'),
(966, 24, 'Chen-Kao Marine Corp.', 114, 'Oyster'),
(967, 24, 'Chen-Kao Marine Corp.', 115, 'Mussels'),
(968, 24, 'Chen-Kao Marine Corp.', 116, 'Crab'),
(969, 24, 'Chen-Kao Marine Corp.', 117, 'Mud Crab'),
(970, 24, 'Chen-Kao Marine Corp.', 118, 'Blue Marlin Cut'),
(971, 24, 'Chen-Kao Marine Corp.', 119, 'Tawilis'),
(972, 24, 'Chen-Kao Marine Corp.', 120, 'Tinapa Salinas'),
(973, 24, 'Chen-Kao Marine Corp.', 121, 'Tuyo Salinas'),
(974, 24, 'Chen-Kao Marine Corp.', 122, 'Labahita'),
(975, 24, 'Chen-Kao Marine Corp.', 123, 'Jackfish'),
(976, 24, 'Chen-Kao Marine Corp.', 124, 'Catfish'),
(977, 24, 'Chen-Kao Marine Corp.', 125, 'Snail'),
(978, 24, 'Chen-Kao Marine Corp.', 126, 'Moonfish'),
(979, 25, 'CMSE Seafoods Trading', 90, 'Tilapia'),
(980, 25, 'CMSE Seafoods Trading', 91, 'Yellowfin Tuna'),
(981, 25, 'CMSE Seafoods Trading', 93, 'Bangus'),
(982, 25, 'CMSE Seafoods Trading', 94, 'Lapu Lapu'),
(983, 25, 'CMSE Seafoods Trading', 95, 'Tamban'),
(984, 25, 'CMSE Seafoods Trading', 96, 'Anchovies'),
(985, 25, 'CMSE Seafoods Trading', 97, 'Red Snapper'),
(986, 25, 'CMSE Seafoods Trading', 98, 'Tulingan'),
(987, 25, 'CMSE Seafoods Trading', 99, 'Galunggong'),
(988, 25, 'CMSE Seafoods Trading', 100, 'Dalagang Bukid'),
(989, 25, 'CMSE Seafoods Trading', 101, 'Slipmouth Fish'),
(990, 25, 'CMSE Seafoods Trading', 102, 'Hasahasa'),
(991, 25, 'CMSE Seafoods Trading', 103, 'Barramundi'),
(992, 25, 'CMSE Seafoods Trading', 104, 'Pompano'),
(993, 25, 'CMSE Seafoods Trading', 105, 'Threadfin Bream'),
(994, 25, 'CMSE Seafoods Trading', 106, 'Tanigue Steak Cut'),
(995, 25, 'CMSE Seafoods Trading', 107, 'Shrimps'),
(996, 25, 'CMSE Seafoods Trading', 108, 'Alumahan'),
(997, 25, 'CMSE Seafoods Trading', 109, 'Salmon Fillet'),
(998, 25, 'CMSE Seafoods Trading', 111, 'Caviar'),
(999, 25, 'CMSE Seafoods Trading', 112, 'Pusit'),
(1000, 25, 'CMSE Seafoods Trading', 113, 'Sugpo'),
(1001, 25, 'CMSE Seafoods Trading', 114, 'Oyster'),
(1002, 25, 'CMSE Seafoods Trading', 115, 'Mussels'),
(1003, 25, 'CMSE Seafoods Trading', 116, 'Crab'),
(1004, 25, 'CMSE Seafoods Trading', 117, 'Mud Crab'),
(1005, 25, 'CMSE Seafoods Trading', 118, 'Blue Marlin Cut'),
(1006, 25, 'CMSE Seafoods Trading', 119, 'Tawilis'),
(1007, 25, 'CMSE Seafoods Trading', 120, 'Tinapa Salinas'),
(1008, 25, 'CMSE Seafoods Trading', 121, 'Tuyo Salinas'),
(1009, 25, 'CMSE Seafoods Trading', 122, 'Labahita'),
(1010, 25, 'CMSE Seafoods Trading', 123, 'Jackfish'),
(1011, 25, 'CMSE Seafoods Trading', 124, 'Catfish'),
(1012, 25, 'CMSE Seafoods Trading', 125, 'Snail'),
(1013, 25, 'CMSE Seafoods Trading', 126, 'Moonfish'),
(1014, 26, 'Eoana Canning and Food Processing Corp.', 90, 'Tilapia'),
(1015, 26, 'Eoana Canning and Food Processing Corp.', 91, 'Yellowfin Tuna'),
(1016, 26, 'Eoana Canning and Food Processing Corp.', 93, 'Bangus'),
(1017, 26, 'Eoana Canning and Food Processing Corp.', 94, 'Lapu Lapu'),
(1018, 26, 'Eoana Canning and Food Processing Corp.', 95, 'Tamban'),
(1019, 26, 'Eoana Canning and Food Processing Corp.', 96, 'Anchovies'),
(1020, 26, 'Eoana Canning and Food Processing Corp.', 97, 'Red Snapper'),
(1021, 26, 'Eoana Canning and Food Processing Corp.', 98, 'Tulingan'),
(1022, 26, 'Eoana Canning and Food Processing Corp.', 99, 'Galunggong'),
(1023, 26, 'Eoana Canning and Food Processing Corp.', 100, 'Dalagang Bukid'),
(1024, 26, 'Eoana Canning and Food Processing Corp.', 101, 'Slipmouth Fish'),
(1025, 26, 'Eoana Canning and Food Processing Corp.', 102, 'Hasahasa'),
(1026, 26, 'Eoana Canning and Food Processing Corp.', 103, 'Barramundi'),
(1027, 26, 'Eoana Canning and Food Processing Corp.', 104, 'Pompano'),
(1028, 26, 'Eoana Canning and Food Processing Corp.', 105, 'Threadfin Bream'),
(1029, 26, 'Eoana Canning and Food Processing Corp.', 106, 'Tanigue Steak Cut'),
(1030, 26, 'Eoana Canning and Food Processing Corp.', 107, 'Shrimps'),
(1031, 26, 'Eoana Canning and Food Processing Corp.', 108, 'Alumahan'),
(1032, 26, 'Eoana Canning and Food Processing Corp.', 109, 'Salmon Fillet'),
(1033, 26, 'Eoana Canning and Food Processing Corp.', 111, 'Caviar'),
(1034, 26, 'Eoana Canning and Food Processing Corp.', 112, 'Pusit'),
(1035, 26, 'Eoana Canning and Food Processing Corp.', 113, 'Sugpo'),
(1036, 26, 'Eoana Canning and Food Processing Corp.', 114, 'Oyster'),
(1037, 26, 'Eoana Canning and Food Processing Corp.', 115, 'Mussels'),
(1038, 26, 'Eoana Canning and Food Processing Corp.', 116, 'Crab'),
(1039, 26, 'Eoana Canning and Food Processing Corp.', 117, 'Mud Crab'),
(1040, 26, 'Eoana Canning and Food Processing Corp.', 118, 'Blue Marlin Cut'),
(1041, 26, 'Eoana Canning and Food Processing Corp.', 119, 'Tawilis'),
(1042, 26, 'Eoana Canning and Food Processing Corp.', 120, 'Tinapa Salinas'),
(1043, 26, 'Eoana Canning and Food Processing Corp.', 121, 'Tuyo Salinas'),
(1044, 26, 'Eoana Canning and Food Processing Corp.', 122, 'Labahita'),
(1045, 26, 'Eoana Canning and Food Processing Corp.', 123, 'Jackfish'),
(1046, 26, 'Eoana Canning and Food Processing Corp.', 124, 'Catfish'),
(1047, 26, 'Eoana Canning and Food Processing Corp.', 125, 'Snail'),
(1048, 26, 'Eoana Canning and Food Processing Corp.', 126, 'Moonfish'),
(1049, 27, 'Frabelle Market Corp.', 90, 'Tilapia'),
(1050, 27, 'Frabelle Market Corp.', 91, 'Yellowfin Tuna'),
(1051, 27, 'Frabelle Market Corp.', 93, 'Bangus'),
(1052, 27, 'Frabelle Market Corp.', 94, 'Lapu Lapu'),
(1053, 27, 'Frabelle Market Corp.', 95, 'Tamban'),
(1054, 27, 'Frabelle Market Corp.', 96, 'Anchovies'),
(1055, 27, 'Frabelle Market Corp.', 97, 'Red Snapper'),
(1056, 27, 'Frabelle Market Corp.', 98, 'Tulingan'),
(1057, 27, 'Frabelle Market Corp.', 99, 'Galunggong'),
(1058, 27, 'Frabelle Market Corp.', 100, 'Dalagang Bukid'),
(1059, 27, 'Frabelle Market Corp.', 101, 'Slipmouth Fish'),
(1060, 27, 'Frabelle Market Corp.', 102, 'Hasahasa'),
(1061, 27, 'Frabelle Market Corp.', 103, 'Barramundi'),
(1062, 27, 'Frabelle Market Corp.', 104, 'Pompano'),
(1063, 27, 'Frabelle Market Corp.', 105, 'Threadfin Bream'),
(1064, 27, 'Frabelle Market Corp.', 106, 'Tanigue Steak Cut'),
(1065, 27, 'Frabelle Market Corp.', 107, 'Shrimps'),
(1066, 27, 'Frabelle Market Corp.', 108, 'Alumahan'),
(1067, 27, 'Frabelle Market Corp.', 109, 'Salmon Fillet'),
(1068, 27, 'Frabelle Market Corp.', 111, 'Caviar'),
(1069, 27, 'Frabelle Market Corp.', 112, 'Pusit'),
(1070, 27, 'Frabelle Market Corp.', 113, 'Sugpo'),
(1071, 27, 'Frabelle Market Corp.', 114, 'Oyster'),
(1072, 27, 'Frabelle Market Corp.', 115, 'Mussels'),
(1073, 27, 'Frabelle Market Corp.', 116, 'Crab'),
(1074, 27, 'Frabelle Market Corp.', 117, 'Mud Crab'),
(1075, 27, 'Frabelle Market Corp.', 118, 'Blue Marlin Cut'),
(1076, 27, 'Frabelle Market Corp.', 119, 'Tawilis'),
(1077, 27, 'Frabelle Market Corp.', 120, 'Tinapa Salinas'),
(1078, 27, 'Frabelle Market Corp.', 121, 'Tuyo Salinas'),
(1079, 27, 'Frabelle Market Corp.', 122, 'Labahita'),
(1080, 27, 'Frabelle Market Corp.', 123, 'Jackfish'),
(1081, 27, 'Frabelle Market Corp.', 124, 'Catfish'),
(1082, 27, 'Frabelle Market Corp.', 125, 'Snail'),
(1083, 27, 'Frabelle Market Corp.', 126, 'Moonfish'),
(1084, 28, 'Golden Hands Manufacturing Corp.', 90, 'Tilapia'),
(1085, 28, 'Golden Hands Manufacturing Corp.', 91, 'Yellowfin Tuna'),
(1086, 28, 'Golden Hands Manufacturing Corp.', 93, 'Bangus'),
(1087, 28, 'Golden Hands Manufacturing Corp.', 94, 'Lapu Lapu'),
(1088, 28, 'Golden Hands Manufacturing Corp.', 95, 'Tamban'),
(1089, 28, 'Golden Hands Manufacturing Corp.', 96, 'Anchovies'),
(1090, 28, 'Golden Hands Manufacturing Corp.', 97, 'Red Snapper'),
(1091, 28, 'Golden Hands Manufacturing Corp.', 98, 'Tulingan'),
(1092, 28, 'Golden Hands Manufacturing Corp.', 99, 'Galunggong'),
(1093, 28, 'Golden Hands Manufacturing Corp.', 100, 'Dalagang Bukid'),
(1094, 28, 'Golden Hands Manufacturing Corp.', 101, 'Slipmouth Fish'),
(1095, 28, 'Golden Hands Manufacturing Corp.', 102, 'Hasahasa'),
(1096, 28, 'Golden Hands Manufacturing Corp.', 103, 'Barramundi'),
(1097, 28, 'Golden Hands Manufacturing Corp.', 104, 'Pompano'),
(1098, 28, 'Golden Hands Manufacturing Corp.', 105, 'Threadfin Bream'),
(1099, 28, 'Golden Hands Manufacturing Corp.', 106, 'Tanigue Steak Cut'),
(1100, 28, 'Golden Hands Manufacturing Corp.', 107, 'Shrimps'),
(1101, 28, 'Golden Hands Manufacturing Corp.', 108, 'Alumahan'),
(1102, 28, 'Golden Hands Manufacturing Corp.', 109, 'Salmon Fillet'),
(1103, 28, 'Golden Hands Manufacturing Corp.', 111, 'Caviar'),
(1104, 28, 'Golden Hands Manufacturing Corp.', 112, 'Pusit'),
(1105, 28, 'Golden Hands Manufacturing Corp.', 113, 'Sugpo'),
(1106, 28, 'Golden Hands Manufacturing Corp.', 114, 'Oyster'),
(1107, 28, 'Golden Hands Manufacturing Corp.', 115, 'Mussels'),
(1108, 28, 'Golden Hands Manufacturing Corp.', 116, 'Crab'),
(1109, 28, 'Golden Hands Manufacturing Corp.', 117, 'Mud Crab'),
(1110, 28, 'Golden Hands Manufacturing Corp.', 118, 'Blue Marlin Cut'),
(1111, 28, 'Golden Hands Manufacturing Corp.', 119, 'Tawilis'),
(1112, 28, 'Golden Hands Manufacturing Corp.', 120, 'Tinapa Salinas'),
(1113, 28, 'Golden Hands Manufacturing Corp.', 121, 'Tuyo Salinas'),
(1114, 28, 'Golden Hands Manufacturing Corp.', 122, 'Labahita'),
(1115, 28, 'Golden Hands Manufacturing Corp.', 123, 'Jackfish'),
(1116, 28, 'Golden Hands Manufacturing Corp.', 124, 'Catfish'),
(1117, 28, 'Golden Hands Manufacturing Corp.', 125, 'Snail'),
(1118, 28, 'Golden Hands Manufacturing Corp.', 126, 'Moonfish'),
(1119, 29, 'Kai-Anya Foods, Inc.', 90, 'Tilapia'),
(1120, 29, 'Kai-Anya Foods, Inc.', 91, 'Yellowfin Tuna'),
(1121, 29, 'Kai-Anya Foods, Inc.', 93, 'Bangus'),
(1122, 29, 'Kai-Anya Foods, Inc.', 94, 'Lapu Lapu'),
(1123, 29, 'Kai-Anya Foods, Inc.', 95, 'Tamban'),
(1124, 29, 'Kai-Anya Foods, Inc.', 96, 'Anchovies'),
(1125, 29, 'Kai-Anya Foods, Inc.', 97, 'Red Snapper'),
(1126, 29, 'Kai-Anya Foods, Inc.', 98, 'Tulingan'),
(1127, 29, 'Kai-Anya Foods, Inc.', 99, 'Galunggong'),
(1128, 29, 'Kai-Anya Foods, Inc.', 100, 'Dalagang Bukid'),
(1129, 29, 'Kai-Anya Foods, Inc.', 101, 'Slipmouth Fish'),
(1130, 29, 'Kai-Anya Foods, Inc.', 102, 'Hasahasa'),
(1131, 29, 'Kai-Anya Foods, Inc.', 103, 'Barramundi'),
(1132, 29, 'Kai-Anya Foods, Inc.', 104, 'Pompano'),
(1133, 29, 'Kai-Anya Foods, Inc.', 105, 'Threadfin Bream'),
(1134, 29, 'Kai-Anya Foods, Inc.', 106, 'Tanigue Steak Cut'),
(1135, 29, 'Kai-Anya Foods, Inc.', 107, 'Shrimps'),
(1136, 29, 'Kai-Anya Foods, Inc.', 108, 'Alumahan'),
(1137, 29, 'Kai-Anya Foods, Inc.', 109, 'Salmon Fillet'),
(1138, 29, 'Kai-Anya Foods, Inc.', 111, 'Caviar'),
(1139, 29, 'Kai-Anya Foods, Inc.', 112, 'Pusit'),
(1140, 29, 'Kai-Anya Foods, Inc.', 113, 'Sugpo'),
(1141, 29, 'Kai-Anya Foods, Inc.', 114, 'Oyster'),
(1142, 29, 'Kai-Anya Foods, Inc.', 115, 'Mussels'),
(1143, 29, 'Kai-Anya Foods, Inc.', 116, 'Crab'),
(1144, 29, 'Kai-Anya Foods, Inc.', 117, 'Mud Crab'),
(1145, 29, 'Kai-Anya Foods, Inc.', 118, 'Blue Marlin Cut'),
(1146, 29, 'Kai-Anya Foods, Inc.', 119, 'Tawilis'),
(1147, 29, 'Kai-Anya Foods, Inc.', 120, 'Tinapa Salinas'),
(1148, 29, 'Kai-Anya Foods, Inc.', 121, 'Tuyo Salinas'),
(1149, 29, 'Kai-Anya Foods, Inc.', 122, 'Labahita'),
(1150, 29, 'Kai-Anya Foods, Inc.', 123, 'Jackfish'),
(1151, 29, 'Kai-Anya Foods, Inc.', 124, 'Catfish'),
(1152, 29, 'Kai-Anya Foods, Inc.', 125, 'Snail'),
(1153, 29, 'Kai-Anya Foods, Inc.', 126, 'Moonfish'),
(1154, 30, 'Millennium Ocean Star Corp.', 90, 'Tilapia'),
(1155, 30, 'Millennium Ocean Star Corp.', 91, 'Yellowfin Tuna'),
(1156, 30, 'Millennium Ocean Star Corp.', 93, 'Bangus'),
(1157, 30, 'Millennium Ocean Star Corp.', 94, 'Lapu Lapu'),
(1158, 30, 'Millennium Ocean Star Corp.', 95, 'Tamban'),
(1159, 30, 'Millennium Ocean Star Corp.', 96, 'Anchovies'),
(1160, 30, 'Millennium Ocean Star Corp.', 97, 'Red Snapper'),
(1161, 30, 'Millennium Ocean Star Corp.', 98, 'Tulingan'),
(1162, 30, 'Millennium Ocean Star Corp.', 99, 'Galunggong'),
(1163, 30, 'Millennium Ocean Star Corp.', 100, 'Dalagang Bukid'),
(1164, 30, 'Millennium Ocean Star Corp.', 101, 'Slipmouth Fish'),
(1165, 30, 'Millennium Ocean Star Corp.', 102, 'Hasahasa'),
(1166, 30, 'Millennium Ocean Star Corp.', 103, 'Barramundi'),
(1167, 30, 'Millennium Ocean Star Corp.', 104, 'Pompano'),
(1168, 30, 'Millennium Ocean Star Corp.', 105, 'Threadfin Bream'),
(1169, 30, 'Millennium Ocean Star Corp.', 106, 'Tanigue Steak Cut'),
(1170, 30, 'Millennium Ocean Star Corp.', 107, 'Shrimps'),
(1171, 30, 'Millennium Ocean Star Corp.', 108, 'Alumahan'),
(1172, 30, 'Millennium Ocean Star Corp.', 109, 'Salmon Fillet'),
(1173, 30, 'Millennium Ocean Star Corp.', 111, 'Caviar'),
(1174, 30, 'Millennium Ocean Star Corp.', 112, 'Pusit'),
(1175, 30, 'Millennium Ocean Star Corp.', 113, 'Sugpo'),
(1176, 30, 'Millennium Ocean Star Corp.', 114, 'Oyster'),
(1177, 30, 'Millennium Ocean Star Corp.', 115, 'Mussels'),
(1178, 30, 'Millennium Ocean Star Corp.', 116, 'Crab'),
(1179, 30, 'Millennium Ocean Star Corp.', 117, 'Mud Crab'),
(1180, 30, 'Millennium Ocean Star Corp.', 118, 'Blue Marlin Cut'),
(1181, 30, 'Millennium Ocean Star Corp.', 119, 'Tawilis'),
(1182, 30, 'Millennium Ocean Star Corp.', 120, 'Tinapa Salinas'),
(1183, 30, 'Millennium Ocean Star Corp.', 121, 'Tuyo Salinas'),
(1184, 30, 'Millennium Ocean Star Corp.', 122, 'Labahita'),
(1185, 30, 'Millennium Ocean Star Corp.', 123, 'Jackfish'),
(1186, 30, 'Millennium Ocean Star Corp.', 124, 'Catfish'),
(1187, 30, 'Millennium Ocean Star Corp.', 125, 'Snail'),
(1188, 30, 'Millennium Ocean Star Corp.', 126, 'Moonfish'),
(1189, 31, 'Ozean 8 Trading Corp.', 90, 'Tilapia'),
(1190, 31, 'Ozean 8 Trading Corp.', 91, 'Yellowfin Tuna'),
(1191, 31, 'Ozean 8 Trading Corp.', 93, 'Bangus'),
(1192, 31, 'Ozean 8 Trading Corp.', 94, 'Lapu Lapu'),
(1193, 31, 'Ozean 8 Trading Corp.', 95, 'Tamban'),
(1194, 31, 'Ozean 8 Trading Corp.', 96, 'Anchovies'),
(1195, 31, 'Ozean 8 Trading Corp.', 97, 'Red Snapper'),
(1196, 31, 'Ozean 8 Trading Corp.', 98, 'Tulingan'),
(1197, 31, 'Ozean 8 Trading Corp.', 99, 'Galunggong'),
(1198, 31, 'Ozean 8 Trading Corp.', 100, 'Dalagang Bukid'),
(1199, 31, 'Ozean 8 Trading Corp.', 101, 'Slipmouth Fish'),
(1200, 31, 'Ozean 8 Trading Corp.', 102, 'Hasahasa'),
(1201, 31, 'Ozean 8 Trading Corp.', 103, 'Barramundi'),
(1202, 31, 'Ozean 8 Trading Corp.', 104, 'Pompano'),
(1203, 31, 'Ozean 8 Trading Corp.', 105, 'Threadfin Bream'),
(1204, 31, 'Ozean 8 Trading Corp.', 106, 'Tanigue Steak Cut'),
(1205, 31, 'Ozean 8 Trading Corp.', 107, 'Shrimps'),
(1206, 31, 'Ozean 8 Trading Corp.', 108, 'Alumahan'),
(1207, 31, 'Ozean 8 Trading Corp.', 109, 'Salmon Fillet'),
(1208, 31, 'Ozean 8 Trading Corp.', 111, 'Caviar'),
(1209, 31, 'Ozean 8 Trading Corp.', 112, 'Pusit'),
(1210, 31, 'Ozean 8 Trading Corp.', 113, 'Sugpo'),
(1211, 31, 'Ozean 8 Trading Corp.', 114, 'Oyster'),
(1212, 31, 'Ozean 8 Trading Corp.', 115, 'Mussels'),
(1213, 31, 'Ozean 8 Trading Corp.', 116, 'Crab'),
(1214, 31, 'Ozean 8 Trading Corp.', 117, 'Mud Crab'),
(1215, 31, 'Ozean 8 Trading Corp.', 118, 'Blue Marlin Cut'),
(1216, 31, 'Ozean 8 Trading Corp.', 119, 'Tawilis'),
(1217, 31, 'Ozean 8 Trading Corp.', 120, 'Tinapa Salinas'),
(1218, 31, 'Ozean 8 Trading Corp.', 121, 'Tuyo Salinas'),
(1219, 31, 'Ozean 8 Trading Corp.', 122, 'Labahita'),
(1220, 31, 'Ozean 8 Trading Corp.', 123, 'Jackfish'),
(1221, 31, 'Ozean 8 Trading Corp.', 124, 'Catfish'),
(1222, 31, 'Ozean 8 Trading Corp.', 125, 'Snail'),
(1223, 31, 'Ozean 8 Trading Corp.', 126, 'Moonfish'),
(1224, 32, 'Penamae Fish Trading', 90, 'Tilapia'),
(1225, 32, 'Penamae Fish Trading', 91, 'Yellowfin Tuna'),
(1226, 32, 'Penamae Fish Trading', 93, 'Bangus'),
(1227, 32, 'Penamae Fish Trading', 94, 'Lapu Lapu'),
(1228, 32, 'Penamae Fish Trading', 95, 'Tamban'),
(1229, 32, 'Penamae Fish Trading', 96, 'Anchovies'),
(1230, 32, 'Penamae Fish Trading', 97, 'Red Snapper'),
(1231, 32, 'Penamae Fish Trading', 98, 'Tulingan'),
(1232, 32, 'Penamae Fish Trading', 99, 'Galunggong'),
(1233, 32, 'Penamae Fish Trading', 100, 'Dalagang Bukid'),
(1234, 32, 'Penamae Fish Trading', 101, 'Slipmouth Fish'),
(1235, 32, 'Penamae Fish Trading', 102, 'Hasahasa'),
(1236, 32, 'Penamae Fish Trading', 103, 'Barramundi'),
(1237, 32, 'Penamae Fish Trading', 104, 'Pompano'),
(1238, 32, 'Penamae Fish Trading', 105, 'Threadfin Bream'),
(1239, 32, 'Penamae Fish Trading', 106, 'Tanigue Steak Cut'),
(1240, 32, 'Penamae Fish Trading', 107, 'Shrimps'),
(1241, 32, 'Penamae Fish Trading', 108, 'Alumahan'),
(1242, 32, 'Penamae Fish Trading', 109, 'Salmon Fillet'),
(1243, 32, 'Penamae Fish Trading', 111, 'Caviar'),
(1244, 32, 'Penamae Fish Trading', 112, 'Pusit'),
(1245, 32, 'Penamae Fish Trading', 113, 'Sugpo'),
(1246, 32, 'Penamae Fish Trading', 114, 'Oyster'),
(1247, 32, 'Penamae Fish Trading', 115, 'Mussels'),
(1248, 32, 'Penamae Fish Trading', 116, 'Crab'),
(1249, 32, 'Penamae Fish Trading', 117, 'Mud Crab'),
(1250, 32, 'Penamae Fish Trading', 118, 'Blue Marlin Cut'),
(1251, 32, 'Penamae Fish Trading', 119, 'Tawilis'),
(1252, 32, 'Penamae Fish Trading', 120, 'Tinapa Salinas'),
(1253, 32, 'Penamae Fish Trading', 121, 'Tuyo Salinas'),
(1254, 32, 'Penamae Fish Trading', 122, 'Labahita'),
(1255, 32, 'Penamae Fish Trading', 123, 'Jackfish'),
(1256, 32, 'Penamae Fish Trading', 124, 'Catfish'),
(1257, 32, 'Penamae Fish Trading', 125, 'Snail'),
(1258, 32, 'Penamae Fish Trading', 126, 'Moonfish'),
(1259, 33, 'Philprawns and Seafood Corp.', 90, 'Tilapia'),
(1260, 33, 'Philprawns and Seafood Corp.', 91, 'Yellowfin Tuna'),
(1261, 33, 'Philprawns and Seafood Corp.', 93, 'Bangus'),
(1262, 33, 'Philprawns and Seafood Corp.', 94, 'Lapu Lapu');
INSERT INTO `wholesale` (`id`, `supplier_id`, `supplier_name`, `product_id`, `product_name`) VALUES
(1263, 33, 'Philprawns and Seafood Corp.', 95, 'Tamban'),
(1264, 33, 'Philprawns and Seafood Corp.', 96, 'Anchovies'),
(1265, 33, 'Philprawns and Seafood Corp.', 97, 'Red Snapper'),
(1266, 33, 'Philprawns and Seafood Corp.', 98, 'Tulingan'),
(1267, 33, 'Philprawns and Seafood Corp.', 99, 'Galunggong'),
(1268, 33, 'Philprawns and Seafood Corp.', 100, 'Dalagang Bukid'),
(1269, 33, 'Philprawns and Seafood Corp.', 101, 'Slipmouth Fish'),
(1270, 33, 'Philprawns and Seafood Corp.', 102, 'Hasahasa'),
(1271, 33, 'Philprawns and Seafood Corp.', 103, 'Barramundi'),
(1272, 33, 'Philprawns and Seafood Corp.', 104, 'Pompano'),
(1273, 33, 'Philprawns and Seafood Corp.', 105, 'Threadfin Bream'),
(1274, 33, 'Philprawns and Seafood Corp.', 106, 'Tanigue Steak Cut'),
(1275, 33, 'Philprawns and Seafood Corp.', 107, 'Shrimps'),
(1276, 33, 'Philprawns and Seafood Corp.', 108, 'Alumahan'),
(1277, 33, 'Philprawns and Seafood Corp.', 109, 'Salmon Fillet'),
(1278, 33, 'Philprawns and Seafood Corp.', 111, 'Caviar'),
(1279, 33, 'Philprawns and Seafood Corp.', 112, 'Pusit'),
(1280, 33, 'Philprawns and Seafood Corp.', 113, 'Sugpo'),
(1281, 33, 'Philprawns and Seafood Corp.', 114, 'Oyster'),
(1282, 33, 'Philprawns and Seafood Corp.', 115, 'Mussels'),
(1283, 33, 'Philprawns and Seafood Corp.', 116, 'Crab'),
(1284, 33, 'Philprawns and Seafood Corp.', 117, 'Mud Crab'),
(1285, 33, 'Philprawns and Seafood Corp.', 118, 'Blue Marlin Cut'),
(1286, 33, 'Philprawns and Seafood Corp.', 119, 'Tawilis'),
(1287, 33, 'Philprawns and Seafood Corp.', 120, 'Tinapa Salinas'),
(1288, 33, 'Philprawns and Seafood Corp.', 121, 'Tuyo Salinas'),
(1289, 33, 'Philprawns and Seafood Corp.', 122, 'Labahita'),
(1290, 33, 'Philprawns and Seafood Corp.', 123, 'Jackfish'),
(1291, 33, 'Philprawns and Seafood Corp.', 124, 'Catfish'),
(1292, 33, 'Philprawns and Seafood Corp.', 125, 'Snail'),
(1293, 33, 'Philprawns and Seafood Corp.', 126, 'Moonfish'),
(1294, 34, 'Royale Fishing Corp.', 90, 'Tilapia'),
(1295, 34, 'Royale Fishing Corp.', 91, 'Yellowfin Tuna'),
(1296, 34, 'Royale Fishing Corp.', 93, 'Bangus'),
(1297, 34, 'Royale Fishing Corp.', 94, 'Lapu Lapu'),
(1298, 34, 'Royale Fishing Corp.', 95, 'Tamban'),
(1299, 34, 'Royale Fishing Corp.', 96, 'Anchovies'),
(1300, 34, 'Royale Fishing Corp.', 97, 'Red Snapper'),
(1301, 34, 'Royale Fishing Corp.', 98, 'Tulingan'),
(1302, 34, 'Royale Fishing Corp.', 99, 'Galunggong'),
(1303, 34, 'Royale Fishing Corp.', 100, 'Dalagang Bukid'),
(1304, 34, 'Royale Fishing Corp.', 101, 'Slipmouth Fish'),
(1305, 34, 'Royale Fishing Corp.', 102, 'Hasahasa'),
(1306, 34, 'Royale Fishing Corp.', 103, 'Barramundi'),
(1307, 34, 'Royale Fishing Corp.', 104, 'Pompano'),
(1308, 34, 'Royale Fishing Corp.', 105, 'Threadfin Bream'),
(1309, 34, 'Royale Fishing Corp.', 106, 'Tanigue Steak Cut'),
(1310, 34, 'Royale Fishing Corp.', 107, 'Shrimps'),
(1311, 34, 'Royale Fishing Corp.', 108, 'Alumahan'),
(1312, 34, 'Royale Fishing Corp.', 109, 'Salmon Fillet'),
(1313, 34, 'Royale Fishing Corp.', 111, 'Caviar'),
(1314, 34, 'Royale Fishing Corp.', 112, 'Pusit'),
(1315, 34, 'Royale Fishing Corp.', 113, 'Sugpo'),
(1316, 34, 'Royale Fishing Corp.', 114, 'Oyster'),
(1317, 34, 'Royale Fishing Corp.', 115, 'Mussels'),
(1318, 34, 'Royale Fishing Corp.', 116, 'Crab'),
(1319, 34, 'Royale Fishing Corp.', 117, 'Mud Crab'),
(1320, 34, 'Royale Fishing Corp.', 118, 'Blue Marlin Cut'),
(1321, 34, 'Royale Fishing Corp.', 119, 'Tawilis'),
(1322, 34, 'Royale Fishing Corp.', 120, 'Tinapa Salinas'),
(1323, 34, 'Royale Fishing Corp.', 121, 'Tuyo Salinas'),
(1324, 34, 'Royale Fishing Corp.', 122, 'Labahita'),
(1325, 34, 'Royale Fishing Corp.', 123, 'Jackfish'),
(1326, 34, 'Royale Fishing Corp.', 124, 'Catfish'),
(1327, 34, 'Royale Fishing Corp.', 125, 'Snail'),
(1328, 34, 'Royale Fishing Corp.', 126, 'Moonfish'),
(1329, 35, 'Sakurey Trading', 90, 'Tilapia'),
(1330, 35, 'Sakurey Trading', 91, 'Yellowfin Tuna'),
(1331, 35, 'Sakurey Trading', 93, 'Bangus'),
(1332, 35, 'Sakurey Trading', 94, 'Lapu Lapu'),
(1333, 35, 'Sakurey Trading', 95, 'Tamban'),
(1334, 35, 'Sakurey Trading', 96, 'Anchovies'),
(1335, 35, 'Sakurey Trading', 97, 'Red Snapper'),
(1336, 35, 'Sakurey Trading', 98, 'Tulingan'),
(1337, 35, 'Sakurey Trading', 99, 'Galunggong'),
(1338, 35, 'Sakurey Trading', 100, 'Dalagang Bukid'),
(1339, 35, 'Sakurey Trading', 101, 'Slipmouth Fish'),
(1340, 35, 'Sakurey Trading', 102, 'Hasahasa'),
(1341, 35, 'Sakurey Trading', 103, 'Barramundi'),
(1342, 35, 'Sakurey Trading', 104, 'Pompano'),
(1343, 35, 'Sakurey Trading', 105, 'Threadfin Bream'),
(1344, 35, 'Sakurey Trading', 106, 'Tanigue Steak Cut'),
(1345, 35, 'Sakurey Trading', 107, 'Shrimps'),
(1346, 35, 'Sakurey Trading', 108, 'Alumahan'),
(1347, 35, 'Sakurey Trading', 109, 'Salmon Fillet'),
(1348, 35, 'Sakurey Trading', 111, 'Caviar'),
(1349, 35, 'Sakurey Trading', 112, 'Pusit'),
(1350, 35, 'Sakurey Trading', 113, 'Sugpo'),
(1351, 35, 'Sakurey Trading', 114, 'Oyster'),
(1352, 35, 'Sakurey Trading', 115, 'Mussels'),
(1353, 35, 'Sakurey Trading', 116, 'Crab'),
(1354, 35, 'Sakurey Trading', 117, 'Mud Crab'),
(1355, 35, 'Sakurey Trading', 118, 'Blue Marlin Cut'),
(1356, 35, 'Sakurey Trading', 119, 'Tawilis'),
(1357, 35, 'Sakurey Trading', 120, 'Tinapa Salinas'),
(1358, 35, 'Sakurey Trading', 121, 'Tuyo Salinas'),
(1359, 35, 'Sakurey Trading', 122, 'Labahita'),
(1360, 35, 'Sakurey Trading', 123, 'Jackfish'),
(1361, 35, 'Sakurey Trading', 124, 'Catfish'),
(1362, 35, 'Sakurey Trading', 125, 'Snail'),
(1363, 35, 'Sakurey Trading', 126, 'Moonfish'),
(1364, 36, 'Southern Giant Star Int’l. Seafood Providers, Inc.', 90, 'Tilapia'),
(1365, 36, 'Southern Giant Star Int’l. Seafood Providers, Inc.', 91, 'Yellowfin Tuna'),
(1366, 36, 'Southern Giant Star Int’l. Seafood Providers, Inc.', 93, 'Bangus'),
(1367, 36, 'Southern Giant Star Int’l. Seafood Providers, Inc.', 94, 'Lapu Lapu'),
(1368, 36, 'Southern Giant Star Int’l. Seafood Providers, Inc.', 95, 'Tamban'),
(1369, 36, 'Southern Giant Star Int’l. Seafood Providers, Inc.', 96, 'Anchovies'),
(1370, 36, 'Southern Giant Star Int’l. Seafood Providers, Inc.', 97, 'Red Snapper'),
(1371, 36, 'Southern Giant Star Int’l. Seafood Providers, Inc.', 98, 'Tulingan'),
(1372, 36, 'Southern Giant Star Int’l. Seafood Providers, Inc.', 99, 'Galunggong'),
(1373, 36, 'Southern Giant Star Int’l. Seafood Providers, Inc.', 100, 'Dalagang Bukid'),
(1374, 36, 'Southern Giant Star Int’l. Seafood Providers, Inc.', 101, 'Slipmouth Fish'),
(1375, 36, 'Southern Giant Star Int’l. Seafood Providers, Inc.', 102, 'Hasahasa'),
(1376, 36, 'Southern Giant Star Int’l. Seafood Providers, Inc.', 103, 'Barramundi'),
(1377, 36, 'Southern Giant Star Int’l. Seafood Providers, Inc.', 104, 'Pompano'),
(1378, 36, 'Southern Giant Star Int’l. Seafood Providers, Inc.', 105, 'Threadfin Bream'),
(1379, 36, 'Southern Giant Star Int’l. Seafood Providers, Inc.', 106, 'Tanigue Steak Cut'),
(1380, 36, 'Southern Giant Star Int’l. Seafood Providers, Inc.', 107, 'Shrimps'),
(1381, 36, 'Southern Giant Star Int’l. Seafood Providers, Inc.', 108, 'Alumahan'),
(1382, 36, 'Southern Giant Star Int’l. Seafood Providers, Inc.', 109, 'Salmon Fillet'),
(1383, 36, 'Southern Giant Star Int’l. Seafood Providers, Inc.', 111, 'Caviar'),
(1384, 36, 'Southern Giant Star Int’l. Seafood Providers, Inc.', 112, 'Pusit'),
(1385, 36, 'Southern Giant Star Int’l. Seafood Providers, Inc.', 113, 'Sugpo'),
(1386, 36, 'Southern Giant Star Int’l. Seafood Providers, Inc.', 114, 'Oyster'),
(1387, 36, 'Southern Giant Star Int’l. Seafood Providers, Inc.', 115, 'Mussels'),
(1388, 36, 'Southern Giant Star Int’l. Seafood Providers, Inc.', 116, 'Crab'),
(1389, 36, 'Southern Giant Star Int’l. Seafood Providers, Inc.', 117, 'Mud Crab'),
(1390, 36, 'Southern Giant Star Int’l. Seafood Providers, Inc.', 118, 'Blue Marlin Cut'),
(1391, 36, 'Southern Giant Star Int’l. Seafood Providers, Inc.', 119, 'Tawilis'),
(1392, 36, 'Southern Giant Star Int’l. Seafood Providers, Inc.', 120, 'Tinapa Salinas'),
(1393, 36, 'Southern Giant Star Int’l. Seafood Providers, Inc.', 121, 'Tuyo Salinas'),
(1394, 36, 'Southern Giant Star Int’l. Seafood Providers, Inc.', 122, 'Labahita'),
(1395, 36, 'Southern Giant Star Int’l. Seafood Providers, Inc.', 123, 'Jackfish'),
(1396, 36, 'Southern Giant Star Int’l. Seafood Providers, Inc.', 124, 'Catfish'),
(1397, 36, 'Southern Giant Star Int’l. Seafood Providers, Inc.', 125, 'Snail'),
(1398, 36, 'Southern Giant Star Int’l. Seafood Providers, Inc.', 126, 'Moonfish'),
(1399, 37, 'SLORD Development Corp.', 90, 'Tilapia'),
(1400, 37, 'SLORD Development Corp.', 91, 'Yellowfin Tuna'),
(1401, 37, 'SLORD Development Corp.', 93, 'Bangus'),
(1402, 37, 'SLORD Development Corp.', 94, 'Lapu Lapu'),
(1403, 37, 'SLORD Development Corp.', 95, 'Tamban'),
(1404, 37, 'SLORD Development Corp.', 96, 'Anchovies'),
(1405, 37, 'SLORD Development Corp.', 97, 'Red Snapper'),
(1406, 37, 'SLORD Development Corp.', 98, 'Tulingan'),
(1407, 37, 'SLORD Development Corp.', 99, 'Galunggong'),
(1408, 37, 'SLORD Development Corp.', 100, 'Dalagang Bukid'),
(1409, 37, 'SLORD Development Corp.', 101, 'Slipmouth Fish'),
(1410, 37, 'SLORD Development Corp.', 102, 'Hasahasa'),
(1411, 37, 'SLORD Development Corp.', 103, 'Barramundi'),
(1412, 37, 'SLORD Development Corp.', 104, 'Pompano'),
(1413, 37, 'SLORD Development Corp.', 105, 'Threadfin Bream'),
(1414, 37, 'SLORD Development Corp.', 106, 'Tanigue Steak Cut'),
(1415, 37, 'SLORD Development Corp.', 107, 'Shrimps'),
(1416, 37, 'SLORD Development Corp.', 108, 'Alumahan'),
(1417, 37, 'SLORD Development Corp.', 109, 'Salmon Fillet'),
(1418, 37, 'SLORD Development Corp.', 111, 'Caviar'),
(1419, 37, 'SLORD Development Corp.', 112, 'Pusit'),
(1420, 37, 'SLORD Development Corp.', 113, 'Sugpo'),
(1421, 37, 'SLORD Development Corp.', 114, 'Oyster'),
(1422, 37, 'SLORD Development Corp.', 115, 'Mussels'),
(1423, 37, 'SLORD Development Corp.', 116, 'Crab'),
(1424, 37, 'SLORD Development Corp.', 117, 'Mud Crab'),
(1425, 37, 'SLORD Development Corp.', 118, 'Blue Marlin Cut'),
(1426, 37, 'SLORD Development Corp.', 119, 'Tawilis'),
(1427, 37, 'SLORD Development Corp.', 120, 'Tinapa Salinas'),
(1428, 37, 'SLORD Development Corp.', 121, 'Tuyo Salinas'),
(1429, 37, 'SLORD Development Corp.', 122, 'Labahita'),
(1430, 37, 'SLORD Development Corp.', 123, 'Jackfish'),
(1431, 37, 'SLORD Development Corp.', 124, 'Catfish'),
(1432, 37, 'SLORD Development Corp.', 125, 'Snail'),
(1433, 37, 'SLORD Development Corp.', 126, 'Moonfish'),
(1434, 38, 'TC International Seafoods Provider, Inc', 90, 'Tilapia'),
(1435, 38, 'TC International Seafoods Provider, Inc', 91, 'Yellowfin Tuna'),
(1436, 38, 'TC International Seafoods Provider, Inc', 93, 'Bangus'),
(1437, 38, 'TC International Seafoods Provider, Inc', 94, 'Lapu Lapu'),
(1438, 38, 'TC International Seafoods Provider, Inc', 95, 'Tamban'),
(1439, 38, 'TC International Seafoods Provider, Inc', 96, 'Anchovies'),
(1440, 38, 'TC International Seafoods Provider, Inc', 97, 'Red Snapper'),
(1441, 38, 'TC International Seafoods Provider, Inc', 98, 'Tulingan'),
(1442, 38, 'TC International Seafoods Provider, Inc', 99, 'Galunggong'),
(1443, 38, 'TC International Seafoods Provider, Inc', 100, 'Dalagang Bukid'),
(1444, 38, 'TC International Seafoods Provider, Inc', 101, 'Slipmouth Fish'),
(1445, 38, 'TC International Seafoods Provider, Inc', 102, 'Hasahasa'),
(1446, 38, 'TC International Seafoods Provider, Inc', 103, 'Barramundi'),
(1447, 38, 'TC International Seafoods Provider, Inc', 104, 'Pompano'),
(1448, 38, 'TC International Seafoods Provider, Inc', 105, 'Threadfin Bream'),
(1449, 38, 'TC International Seafoods Provider, Inc', 106, 'Tanigue Steak Cut'),
(1450, 38, 'TC International Seafoods Provider, Inc', 107, 'Shrimps'),
(1451, 38, 'TC International Seafoods Provider, Inc', 108, 'Alumahan'),
(1452, 38, 'TC International Seafoods Provider, Inc', 109, 'Salmon Fillet'),
(1453, 38, 'TC International Seafoods Provider, Inc', 111, 'Caviar'),
(1454, 38, 'TC International Seafoods Provider, Inc', 112, 'Pusit'),
(1455, 38, 'TC International Seafoods Provider, Inc', 113, 'Sugpo'),
(1456, 38, 'TC International Seafoods Provider, Inc', 114, 'Oyster'),
(1457, 38, 'TC International Seafoods Provider, Inc', 115, 'Mussels'),
(1458, 38, 'TC International Seafoods Provider, Inc', 116, 'Crab'),
(1459, 38, 'TC International Seafoods Provider, Inc', 117, 'Mud Crab'),
(1460, 38, 'TC International Seafoods Provider, Inc', 118, 'Blue Marlin Cut'),
(1461, 38, 'TC International Seafoods Provider, Inc', 119, 'Tawilis'),
(1462, 38, 'TC International Seafoods Provider, Inc', 120, 'Tinapa Salinas'),
(1463, 38, 'TC International Seafoods Provider, Inc', 121, 'Tuyo Salinas'),
(1464, 38, 'TC International Seafoods Provider, Inc', 122, 'Labahita'),
(1465, 38, 'TC International Seafoods Provider, Inc', 123, 'Jackfish'),
(1466, 38, 'TC International Seafoods Provider, Inc', 124, 'Catfish'),
(1467, 38, 'TC International Seafoods Provider, Inc', 125, 'Snail'),
(1468, 38, 'TC International Seafoods Provider, Inc', 126, 'Moonfish'),
(1469, 39, 'Tiger Marine Products', 90, 'Tilapia'),
(1470, 39, 'Tiger Marine Products', 91, 'Yellowfin Tuna'),
(1471, 39, 'Tiger Marine Products', 93, 'Bangus'),
(1472, 39, 'Tiger Marine Products', 94, 'Lapu Lapu'),
(1473, 39, 'Tiger Marine Products', 95, 'Tamban'),
(1474, 39, 'Tiger Marine Products', 96, 'Anchovies'),
(1475, 39, 'Tiger Marine Products', 97, 'Red Snapper'),
(1476, 39, 'Tiger Marine Products', 98, 'Tulingan'),
(1477, 39, 'Tiger Marine Products', 99, 'Galunggong'),
(1478, 39, 'Tiger Marine Products', 100, 'Dalagang Bukid'),
(1479, 39, 'Tiger Marine Products', 101, 'Slipmouth Fish'),
(1480, 39, 'Tiger Marine Products', 102, 'Hasahasa'),
(1481, 39, 'Tiger Marine Products', 103, 'Barramundi'),
(1482, 39, 'Tiger Marine Products', 104, 'Pompano'),
(1483, 39, 'Tiger Marine Products', 105, 'Threadfin Bream'),
(1484, 39, 'Tiger Marine Products', 106, 'Tanigue Steak Cut'),
(1485, 39, 'Tiger Marine Products', 107, 'Shrimps'),
(1486, 39, 'Tiger Marine Products', 108, 'Alumahan'),
(1487, 39, 'Tiger Marine Products', 109, 'Salmon Fillet'),
(1488, 39, 'Tiger Marine Products', 111, 'Caviar'),
(1489, 39, 'Tiger Marine Products', 112, 'Pusit'),
(1490, 39, 'Tiger Marine Products', 113, 'Sugpo'),
(1491, 39, 'Tiger Marine Products', 114, 'Oyster'),
(1492, 39, 'Tiger Marine Products', 115, 'Mussels'),
(1493, 39, 'Tiger Marine Products', 116, 'Crab'),
(1494, 39, 'Tiger Marine Products', 117, 'Mud Crab'),
(1495, 39, 'Tiger Marine Products', 118, 'Blue Marlin Cut'),
(1496, 39, 'Tiger Marine Products', 119, 'Tawilis'),
(1497, 39, 'Tiger Marine Products', 120, 'Tinapa Salinas'),
(1498, 39, 'Tiger Marine Products', 121, 'Tuyo Salinas'),
(1499, 39, 'Tiger Marine Products', 122, 'Labahita'),
(1500, 39, 'Tiger Marine Products', 123, 'Jackfish'),
(1501, 39, 'Tiger Marine Products', 124, 'Catfish'),
(1502, 39, 'Tiger Marine Products', 125, 'Snail'),
(1503, 39, 'Tiger Marine Products', 126, 'Moonfish'),
(1504, 40, 'Unifish Inc.', 90, 'Tilapia'),
(1505, 40, 'Unifish Inc.', 91, 'Yellowfin Tuna'),
(1506, 40, 'Unifish Inc.', 93, 'Bangus'),
(1507, 40, 'Unifish Inc.', 94, 'Lapu Lapu'),
(1508, 40, 'Unifish Inc.', 95, 'Tamban'),
(1509, 40, 'Unifish Inc.', 96, 'Anchovies'),
(1510, 40, 'Unifish Inc.', 97, 'Red Snapper'),
(1511, 40, 'Unifish Inc.', 98, 'Tulingan'),
(1512, 40, 'Unifish Inc.', 99, 'Galunggong'),
(1513, 40, 'Unifish Inc.', 100, 'Dalagang Bukid'),
(1514, 40, 'Unifish Inc.', 101, 'Slipmouth Fish'),
(1515, 40, 'Unifish Inc.', 102, 'Hasahasa'),
(1516, 40, 'Unifish Inc.', 103, 'Barramundi'),
(1517, 40, 'Unifish Inc.', 104, 'Pompano'),
(1518, 40, 'Unifish Inc.', 105, 'Threadfin Bream'),
(1519, 40, 'Unifish Inc.', 106, 'Tanigue Steak Cut'),
(1520, 40, 'Unifish Inc.', 107, 'Shrimps'),
(1521, 40, 'Unifish Inc.', 108, 'Alumahan'),
(1522, 40, 'Unifish Inc.', 109, 'Salmon Fillet'),
(1523, 40, 'Unifish Inc.', 111, 'Caviar'),
(1524, 40, 'Unifish Inc.', 112, 'Pusit'),
(1525, 40, 'Unifish Inc.', 113, 'Sugpo'),
(1526, 40, 'Unifish Inc.', 114, 'Oyster'),
(1527, 40, 'Unifish Inc.', 115, 'Mussels'),
(1528, 40, 'Unifish Inc.', 116, 'Crab'),
(1529, 40, 'Unifish Inc.', 117, 'Mud Crab'),
(1530, 40, 'Unifish Inc.', 118, 'Blue Marlin Cut'),
(1531, 40, 'Unifish Inc.', 119, 'Tawilis'),
(1532, 40, 'Unifish Inc.', 120, 'Tinapa Salinas'),
(1533, 40, 'Unifish Inc.', 121, 'Tuyo Salinas'),
(1534, 40, 'Unifish Inc.', 122, 'Labahita'),
(1535, 40, 'Unifish Inc.', 123, 'Jackfish'),
(1536, 40, 'Unifish Inc.', 124, 'Catfish'),
(1537, 40, 'Unifish Inc.', 125, 'Snail'),
(1538, 40, 'Unifish Inc.', 126, 'Moonfish'),
(1539, 41, 'Yeung Marine Products', 90, 'Tilapia'),
(1540, 41, 'Yeung Marine Products', 91, 'Yellowfin Tuna'),
(1541, 41, 'Yeung Marine Products', 93, 'Bangus'),
(1542, 41, 'Yeung Marine Products', 94, 'Lapu Lapu'),
(1543, 41, 'Yeung Marine Products', 95, 'Tamban'),
(1544, 41, 'Yeung Marine Products', 96, 'Anchovies'),
(1545, 41, 'Yeung Marine Products', 97, 'Red Snapper'),
(1546, 41, 'Yeung Marine Products', 98, 'Tulingan'),
(1547, 41, 'Yeung Marine Products', 99, 'Galunggong'),
(1548, 41, 'Yeung Marine Products', 100, 'Dalagang Bukid'),
(1549, 41, 'Yeung Marine Products', 101, 'Slipmouth Fish'),
(1550, 41, 'Yeung Marine Products', 102, 'Hasahasa'),
(1551, 41, 'Yeung Marine Products', 103, 'Barramundi'),
(1552, 41, 'Yeung Marine Products', 104, 'Pompano'),
(1553, 41, 'Yeung Marine Products', 105, 'Threadfin Bream'),
(1554, 41, 'Yeung Marine Products', 106, 'Tanigue Steak Cut'),
(1555, 41, 'Yeung Marine Products', 107, 'Shrimps'),
(1556, 41, 'Yeung Marine Products', 108, 'Alumahan'),
(1557, 41, 'Yeung Marine Products', 109, 'Salmon Fillet'),
(1558, 41, 'Yeung Marine Products', 111, 'Caviar'),
(1559, 41, 'Yeung Marine Products', 112, 'Pusit'),
(1560, 41, 'Yeung Marine Products', 113, 'Sugpo'),
(1561, 41, 'Yeung Marine Products', 114, 'Oyster'),
(1562, 41, 'Yeung Marine Products', 115, 'Mussels'),
(1563, 41, 'Yeung Marine Products', 116, 'Crab'),
(1564, 41, 'Yeung Marine Products', 117, 'Mud Crab'),
(1565, 41, 'Yeung Marine Products', 118, 'Blue Marlin Cut'),
(1566, 41, 'Yeung Marine Products', 119, 'Tawilis'),
(1567, 41, 'Yeung Marine Products', 120, 'Tinapa Salinas'),
(1568, 41, 'Yeung Marine Products', 121, 'Tuyo Salinas'),
(1569, 41, 'Yeung Marine Products', 122, 'Labahita'),
(1570, 41, 'Yeung Marine Products', 123, 'Jackfish'),
(1571, 41, 'Yeung Marine Products', 124, 'Catfish'),
(1572, 41, 'Yeung Marine Products', 125, 'Snail'),
(1573, 41, 'Yeung Marine Products', 126, 'Moonfish'),
(1574, 42, 'Camarines Bigfin Seafoods Trading Inc.', 90, 'Tilapia'),
(1575, 42, 'Camarines Bigfin Seafoods Trading Inc.', 91, 'Yellowfin Tuna'),
(1576, 42, 'Camarines Bigfin Seafoods Trading Inc.', 93, 'Bangus'),
(1577, 42, 'Camarines Bigfin Seafoods Trading Inc.', 94, 'Lapu Lapu'),
(1578, 42, 'Camarines Bigfin Seafoods Trading Inc.', 95, 'Tamban'),
(1579, 42, 'Camarines Bigfin Seafoods Trading Inc.', 96, 'Anchovies'),
(1580, 42, 'Camarines Bigfin Seafoods Trading Inc.', 97, 'Red Snapper'),
(1581, 42, 'Camarines Bigfin Seafoods Trading Inc.', 98, 'Tulingan'),
(1582, 42, 'Camarines Bigfin Seafoods Trading Inc.', 99, 'Galunggong'),
(1583, 42, 'Camarines Bigfin Seafoods Trading Inc.', 100, 'Dalagang Bukid'),
(1584, 42, 'Camarines Bigfin Seafoods Trading Inc.', 101, 'Slipmouth Fish'),
(1585, 42, 'Camarines Bigfin Seafoods Trading Inc.', 102, 'Hasahasa'),
(1586, 42, 'Camarines Bigfin Seafoods Trading Inc.', 103, 'Barramundi'),
(1587, 42, 'Camarines Bigfin Seafoods Trading Inc.', 104, 'Pompano'),
(1588, 42, 'Camarines Bigfin Seafoods Trading Inc.', 105, 'Threadfin Bream'),
(1589, 42, 'Camarines Bigfin Seafoods Trading Inc.', 106, 'Tanigue Steak Cut'),
(1590, 42, 'Camarines Bigfin Seafoods Trading Inc.', 107, 'Shrimps'),
(1591, 42, 'Camarines Bigfin Seafoods Trading Inc.', 108, 'Alumahan'),
(1592, 42, 'Camarines Bigfin Seafoods Trading Inc.', 109, 'Salmon Fillet'),
(1593, 42, 'Camarines Bigfin Seafoods Trading Inc.', 111, 'Caviar'),
(1594, 42, 'Camarines Bigfin Seafoods Trading Inc.', 112, 'Pusit'),
(1595, 42, 'Camarines Bigfin Seafoods Trading Inc.', 113, 'Sugpo'),
(1596, 42, 'Camarines Bigfin Seafoods Trading Inc.', 114, 'Oyster'),
(1597, 42, 'Camarines Bigfin Seafoods Trading Inc.', 115, 'Mussels'),
(1598, 42, 'Camarines Bigfin Seafoods Trading Inc.', 116, 'Crab'),
(1599, 42, 'Camarines Bigfin Seafoods Trading Inc.', 117, 'Mud Crab'),
(1600, 42, 'Camarines Bigfin Seafoods Trading Inc.', 118, 'Blue Marlin Cut'),
(1601, 42, 'Camarines Bigfin Seafoods Trading Inc.', 119, 'Tawilis'),
(1602, 42, 'Camarines Bigfin Seafoods Trading Inc.', 120, 'Tinapa Salinas'),
(1603, 42, 'Camarines Bigfin Seafoods Trading Inc.', 121, 'Tuyo Salinas'),
(1604, 42, 'Camarines Bigfin Seafoods Trading Inc.', 122, 'Labahita'),
(1605, 42, 'Camarines Bigfin Seafoods Trading Inc.', 123, 'Jackfish'),
(1606, 42, 'Camarines Bigfin Seafoods Trading Inc.', 124, 'Catfish'),
(1607, 42, 'Camarines Bigfin Seafoods Trading Inc.', 125, 'Snail'),
(1608, 42, 'Camarines Bigfin Seafoods Trading Inc.', 126, 'Moonfish'),
(1609, 43, 'CARM Foods Enterprise, Inc.', 90, 'Tilapia'),
(1610, 43, 'CARM Foods Enterprise, Inc.', 91, 'Yellowfin Tuna'),
(1611, 43, 'CARM Foods Enterprise, Inc.', 93, 'Bangus'),
(1612, 43, 'CARM Foods Enterprise, Inc.', 94, 'Lapu Lapu'),
(1613, 43, 'CARM Foods Enterprise, Inc.', 95, 'Tamban'),
(1614, 43, 'CARM Foods Enterprise, Inc.', 96, 'Anchovies'),
(1615, 43, 'CARM Foods Enterprise, Inc.', 97, 'Red Snapper'),
(1616, 43, 'CARM Foods Enterprise, Inc.', 98, 'Tulingan'),
(1617, 43, 'CARM Foods Enterprise, Inc.', 99, 'Galunggong'),
(1618, 43, 'CARM Foods Enterprise, Inc.', 100, 'Dalagang Bukid'),
(1619, 43, 'CARM Foods Enterprise, Inc.', 101, 'Slipmouth Fish'),
(1620, 43, 'CARM Foods Enterprise, Inc.', 102, 'Hasahasa'),
(1621, 43, 'CARM Foods Enterprise, Inc.', 103, 'Barramundi'),
(1622, 43, 'CARM Foods Enterprise, Inc.', 104, 'Pompano'),
(1623, 43, 'CARM Foods Enterprise, Inc.', 105, 'Threadfin Bream'),
(1624, 43, 'CARM Foods Enterprise, Inc.', 106, 'Tanigue Steak Cut'),
(1625, 43, 'CARM Foods Enterprise, Inc.', 107, 'Shrimps'),
(1626, 43, 'CARM Foods Enterprise, Inc.', 108, 'Alumahan'),
(1627, 43, 'CARM Foods Enterprise, Inc.', 109, 'Salmon Fillet'),
(1628, 43, 'CARM Foods Enterprise, Inc.', 111, 'Caviar'),
(1629, 43, 'CARM Foods Enterprise, Inc.', 112, 'Pusit'),
(1630, 43, 'CARM Foods Enterprise, Inc.', 113, 'Sugpo'),
(1631, 43, 'CARM Foods Enterprise, Inc.', 114, 'Oyster'),
(1632, 43, 'CARM Foods Enterprise, Inc.', 115, 'Mussels'),
(1633, 43, 'CARM Foods Enterprise, Inc.', 116, 'Crab'),
(1634, 43, 'CARM Foods Enterprise, Inc.', 117, 'Mud Crab'),
(1635, 43, 'CARM Foods Enterprise, Inc.', 118, 'Blue Marlin Cut'),
(1636, 43, 'CARM Foods Enterprise, Inc.', 119, 'Tawilis'),
(1637, 43, 'CARM Foods Enterprise, Inc.', 120, 'Tinapa Salinas'),
(1638, 43, 'CARM Foods Enterprise, Inc.', 121, 'Tuyo Salinas'),
(1639, 43, 'CARM Foods Enterprise, Inc.', 122, 'Labahita'),
(1640, 43, 'CARM Foods Enterprise, Inc.', 123, 'Jackfish'),
(1641, 43, 'CARM Foods Enterprise, Inc.', 124, 'Catfish'),
(1642, 43, 'CARM Foods Enterprise, Inc.', 125, 'Snail'),
(1643, 43, 'CARM Foods Enterprise, Inc.', 126, 'Moonfish'),
(1644, 44, 'Donny’s Choice Food Processing Export & Import Corp.', 90, 'Tilapia'),
(1645, 44, 'Donny’s Choice Food Processing Export & Import Corp.', 91, 'Yellowfin Tuna'),
(1646, 44, 'Donny’s Choice Food Processing Export & Import Corp.', 93, 'Bangus'),
(1647, 44, 'Donny’s Choice Food Processing Export & Import Corp.', 94, 'Lapu Lapu'),
(1648, 44, 'Donny’s Choice Food Processing Export & Import Corp.', 95, 'Tamban'),
(1649, 44, 'Donny’s Choice Food Processing Export & Import Corp.', 96, 'Anchovies'),
(1650, 44, 'Donny’s Choice Food Processing Export & Import Corp.', 97, 'Red Snapper'),
(1651, 44, 'Donny’s Choice Food Processing Export & Import Corp.', 98, 'Tulingan'),
(1652, 44, 'Donny’s Choice Food Processing Export & Import Corp.', 99, 'Galunggong'),
(1653, 44, 'Donny’s Choice Food Processing Export & Import Corp.', 100, 'Dalagang Bukid'),
(1654, 44, 'Donny’s Choice Food Processing Export & Import Corp.', 101, 'Slipmouth Fish'),
(1655, 44, 'Donny’s Choice Food Processing Export & Import Corp.', 102, 'Hasahasa'),
(1656, 44, 'Donny’s Choice Food Processing Export & Import Corp.', 103, 'Barramundi'),
(1657, 44, 'Donny’s Choice Food Processing Export & Import Corp.', 104, 'Pompano'),
(1658, 44, 'Donny’s Choice Food Processing Export & Import Corp.', 105, 'Threadfin Bream'),
(1659, 44, 'Donny’s Choice Food Processing Export & Import Corp.', 106, 'Tanigue Steak Cut'),
(1660, 44, 'Donny’s Choice Food Processing Export & Import Corp.', 107, 'Shrimps'),
(1661, 44, 'Donny’s Choice Food Processing Export & Import Corp.', 108, 'Alumahan'),
(1662, 44, 'Donny’s Choice Food Processing Export & Import Corp.', 109, 'Salmon Fillet'),
(1663, 44, 'Donny’s Choice Food Processing Export & Import Corp.', 111, 'Caviar'),
(1664, 44, 'Donny’s Choice Food Processing Export & Import Corp.', 112, 'Pusit'),
(1665, 44, 'Donny’s Choice Food Processing Export & Import Corp.', 113, 'Sugpo'),
(1666, 44, 'Donny’s Choice Food Processing Export & Import Corp.', 114, 'Oyster'),
(1667, 44, 'Donny’s Choice Food Processing Export & Import Corp.', 115, 'Mussels'),
(1668, 44, 'Donny’s Choice Food Processing Export & Import Corp.', 116, 'Crab'),
(1669, 44, 'Donny’s Choice Food Processing Export & Import Corp.', 117, 'Mud Crab'),
(1670, 44, 'Donny’s Choice Food Processing Export & Import Corp.', 118, 'Blue Marlin Cut'),
(1671, 44, 'Donny’s Choice Food Processing Export & Import Corp.', 119, 'Tawilis'),
(1672, 44, 'Donny’s Choice Food Processing Export & Import Corp.', 120, 'Tinapa Salinas'),
(1673, 44, 'Donny’s Choice Food Processing Export & Import Corp.', 121, 'Tuyo Salinas'),
(1674, 44, 'Donny’s Choice Food Processing Export & Import Corp.', 122, 'Labahita'),
(1675, 44, 'Donny’s Choice Food Processing Export & Import Corp.', 123, 'Jackfish'),
(1676, 44, 'Donny’s Choice Food Processing Export & Import Corp.', 124, 'Catfish'),
(1677, 44, 'Donny’s Choice Food Processing Export & Import Corp.', 125, 'Snail'),
(1678, 44, 'Donny’s Choice Food Processing Export & Import Corp.', 126, 'Moonfish'),
(1679, 45, 'Doc Peter Foods Corp.', 90, 'Tilapia'),
(1680, 45, 'Doc Peter Foods Corp.', 91, 'Yellowfin Tuna'),
(1681, 45, 'Doc Peter Foods Corp.', 93, 'Bangus'),
(1682, 45, 'Doc Peter Foods Corp.', 94, 'Lapu Lapu'),
(1683, 45, 'Doc Peter Foods Corp.', 95, 'Tamban'),
(1684, 45, 'Doc Peter Foods Corp.', 96, 'Anchovies'),
(1685, 45, 'Doc Peter Foods Corp.', 97, 'Red Snapper'),
(1686, 45, 'Doc Peter Foods Corp.', 98, 'Tulingan'),
(1687, 45, 'Doc Peter Foods Corp.', 99, 'Galunggong'),
(1688, 45, 'Doc Peter Foods Corp.', 100, 'Dalagang Bukid'),
(1689, 45, 'Doc Peter Foods Corp.', 101, 'Slipmouth Fish'),
(1690, 45, 'Doc Peter Foods Corp.', 102, 'Hasahasa'),
(1691, 45, 'Doc Peter Foods Corp.', 103, 'Barramundi'),
(1692, 45, 'Doc Peter Foods Corp.', 104, 'Pompano'),
(1693, 45, 'Doc Peter Foods Corp.', 105, 'Threadfin Bream'),
(1694, 45, 'Doc Peter Foods Corp.', 106, 'Tanigue Steak Cut'),
(1695, 45, 'Doc Peter Foods Corp.', 107, 'Shrimps'),
(1696, 45, 'Doc Peter Foods Corp.', 108, 'Alumahan'),
(1697, 45, 'Doc Peter Foods Corp.', 109, 'Salmon Fillet'),
(1698, 45, 'Doc Peter Foods Corp.', 111, 'Caviar'),
(1699, 45, 'Doc Peter Foods Corp.', 112, 'Pusit'),
(1700, 45, 'Doc Peter Foods Corp.', 113, 'Sugpo'),
(1701, 45, 'Doc Peter Foods Corp.', 114, 'Oyster'),
(1702, 45, 'Doc Peter Foods Corp.', 115, 'Mussels'),
(1703, 45, 'Doc Peter Foods Corp.', 116, 'Crab'),
(1704, 45, 'Doc Peter Foods Corp.', 117, 'Mud Crab'),
(1705, 45, 'Doc Peter Foods Corp.', 118, 'Blue Marlin Cut'),
(1706, 45, 'Doc Peter Foods Corp.', 119, 'Tawilis'),
(1707, 45, 'Doc Peter Foods Corp.', 120, 'Tinapa Salinas'),
(1708, 45, 'Doc Peter Foods Corp.', 121, 'Tuyo Salinas'),
(1709, 45, 'Doc Peter Foods Corp.', 122, 'Labahita'),
(1710, 45, 'Doc Peter Foods Corp.', 123, 'Jackfish'),
(1711, 45, 'Doc Peter Foods Corp.', 124, 'Catfish'),
(1712, 45, 'Doc Peter Foods Corp.', 125, 'Snail'),
(1713, 45, 'Doc Peter Foods Corp.', 126, 'Moonfish'),
(1714, 46, 'Fukui Food Philippines Inc.', 90, 'Tilapia'),
(1715, 46, 'Fukui Food Philippines Inc.', 91, 'Yellowfin Tuna'),
(1716, 46, 'Fukui Food Philippines Inc.', 93, 'Bangus'),
(1717, 46, 'Fukui Food Philippines Inc.', 94, 'Lapu Lapu'),
(1718, 46, 'Fukui Food Philippines Inc.', 95, 'Tamban'),
(1719, 46, 'Fukui Food Philippines Inc.', 96, 'Anchovies'),
(1720, 46, 'Fukui Food Philippines Inc.', 97, 'Red Snapper'),
(1721, 46, 'Fukui Food Philippines Inc.', 98, 'Tulingan'),
(1722, 46, 'Fukui Food Philippines Inc.', 99, 'Galunggong'),
(1723, 46, 'Fukui Food Philippines Inc.', 100, 'Dalagang Bukid'),
(1724, 46, 'Fukui Food Philippines Inc.', 101, 'Slipmouth Fish'),
(1725, 46, 'Fukui Food Philippines Inc.', 102, 'Hasahasa'),
(1726, 46, 'Fukui Food Philippines Inc.', 103, 'Barramundi'),
(1727, 46, 'Fukui Food Philippines Inc.', 104, 'Pompano'),
(1728, 46, 'Fukui Food Philippines Inc.', 105, 'Threadfin Bream'),
(1729, 46, 'Fukui Food Philippines Inc.', 106, 'Tanigue Steak Cut'),
(1730, 46, 'Fukui Food Philippines Inc.', 107, 'Shrimps'),
(1731, 46, 'Fukui Food Philippines Inc.', 108, 'Alumahan'),
(1732, 46, 'Fukui Food Philippines Inc.', 109, 'Salmon Fillet'),
(1733, 46, 'Fukui Food Philippines Inc.', 111, 'Caviar'),
(1734, 46, 'Fukui Food Philippines Inc.', 112, 'Pusit'),
(1735, 46, 'Fukui Food Philippines Inc.', 113, 'Sugpo'),
(1736, 46, 'Fukui Food Philippines Inc.', 114, 'Oyster'),
(1737, 46, 'Fukui Food Philippines Inc.', 115, 'Mussels'),
(1738, 46, 'Fukui Food Philippines Inc.', 116, 'Crab'),
(1739, 46, 'Fukui Food Philippines Inc.', 117, 'Mud Crab'),
(1740, 46, 'Fukui Food Philippines Inc.', 118, 'Blue Marlin Cut'),
(1741, 46, 'Fukui Food Philippines Inc.', 119, 'Tawilis'),
(1742, 46, 'Fukui Food Philippines Inc.', 120, 'Tinapa Salinas'),
(1743, 46, 'Fukui Food Philippines Inc.', 121, 'Tuyo Salinas'),
(1744, 46, 'Fukui Food Philippines Inc.', 122, 'Labahita'),
(1745, 46, 'Fukui Food Philippines Inc.', 123, 'Jackfish'),
(1746, 46, 'Fukui Food Philippines Inc.', 124, 'Catfish'),
(1747, 46, 'Fukui Food Philippines Inc.', 125, 'Snail'),
(1748, 46, 'Fukui Food Philippines Inc.', 126, 'Moonfish'),
(1749, 47, 'JNCL Ocean Ventures, Inc.', 90, 'Tilapia'),
(1750, 47, 'JNCL Ocean Ventures, Inc.', 91, 'Yellowfin Tuna'),
(1751, 47, 'JNCL Ocean Ventures, Inc.', 93, 'Bangus'),
(1752, 47, 'JNCL Ocean Ventures, Inc.', 94, 'Lapu Lapu'),
(1753, 47, 'JNCL Ocean Ventures, Inc.', 95, 'Tamban'),
(1754, 47, 'JNCL Ocean Ventures, Inc.', 96, 'Anchovies'),
(1755, 47, 'JNCL Ocean Ventures, Inc.', 97, 'Red Snapper'),
(1756, 47, 'JNCL Ocean Ventures, Inc.', 98, 'Tulingan'),
(1757, 47, 'JNCL Ocean Ventures, Inc.', 99, 'Galunggong'),
(1758, 47, 'JNCL Ocean Ventures, Inc.', 100, 'Dalagang Bukid'),
(1759, 47, 'JNCL Ocean Ventures, Inc.', 101, 'Slipmouth Fish'),
(1760, 47, 'JNCL Ocean Ventures, Inc.', 102, 'Hasahasa'),
(1761, 47, 'JNCL Ocean Ventures, Inc.', 103, 'Barramundi'),
(1762, 47, 'JNCL Ocean Ventures, Inc.', 104, 'Pompano'),
(1763, 47, 'JNCL Ocean Ventures, Inc.', 105, 'Threadfin Bream'),
(1764, 47, 'JNCL Ocean Ventures, Inc.', 106, 'Tanigue Steak Cut'),
(1765, 47, 'JNCL Ocean Ventures, Inc.', 107, 'Shrimps'),
(1766, 47, 'JNCL Ocean Ventures, Inc.', 108, 'Alumahan'),
(1767, 47, 'JNCL Ocean Ventures, Inc.', 109, 'Salmon Fillet'),
(1768, 47, 'JNCL Ocean Ventures, Inc.', 111, 'Caviar'),
(1769, 47, 'JNCL Ocean Ventures, Inc.', 112, 'Pusit'),
(1770, 47, 'JNCL Ocean Ventures, Inc.', 113, 'Sugpo'),
(1771, 47, 'JNCL Ocean Ventures, Inc.', 114, 'Oyster'),
(1772, 47, 'JNCL Ocean Ventures, Inc.', 115, 'Mussels'),
(1773, 47, 'JNCL Ocean Ventures, Inc.', 116, 'Crab'),
(1774, 47, 'JNCL Ocean Ventures, Inc.', 117, 'Mud Crab'),
(1775, 47, 'JNCL Ocean Ventures, Inc.', 118, 'Blue Marlin Cut'),
(1776, 47, 'JNCL Ocean Ventures, Inc.', 119, 'Tawilis'),
(1777, 47, 'JNCL Ocean Ventures, Inc.', 120, 'Tinapa Salinas'),
(1778, 47, 'JNCL Ocean Ventures, Inc.', 121, 'Tuyo Salinas'),
(1779, 47, 'JNCL Ocean Ventures, Inc.', 122, 'Labahita'),
(1780, 47, 'JNCL Ocean Ventures, Inc.', 123, 'Jackfish'),
(1781, 47, 'JNCL Ocean Ventures, Inc.', 124, 'Catfish'),
(1782, 47, 'JNCL Ocean Ventures, Inc.', 125, 'Snail'),
(1783, 47, 'JNCL Ocean Ventures, Inc.', 126, 'Moonfish'),
(1784, 48, 'Ipil Oriental Food Export & Consolidator', 90, 'Tilapia'),
(1785, 48, 'Ipil Oriental Food Export & Consolidator', 91, 'Yellowfin Tuna'),
(1786, 48, 'Ipil Oriental Food Export & Consolidator', 93, 'Bangus'),
(1787, 48, 'Ipil Oriental Food Export & Consolidator', 94, 'Lapu Lapu'),
(1788, 48, 'Ipil Oriental Food Export & Consolidator', 95, 'Tamban'),
(1789, 48, 'Ipil Oriental Food Export & Consolidator', 96, 'Anchovies'),
(1790, 48, 'Ipil Oriental Food Export & Consolidator', 97, 'Red Snapper'),
(1791, 48, 'Ipil Oriental Food Export & Consolidator', 98, 'Tulingan'),
(1792, 48, 'Ipil Oriental Food Export & Consolidator', 99, 'Galunggong'),
(1793, 48, 'Ipil Oriental Food Export & Consolidator', 100, 'Dalagang Bukid'),
(1794, 48, 'Ipil Oriental Food Export & Consolidator', 101, 'Slipmouth Fish'),
(1795, 48, 'Ipil Oriental Food Export & Consolidator', 102, 'Hasahasa'),
(1796, 48, 'Ipil Oriental Food Export & Consolidator', 103, 'Barramundi'),
(1797, 48, 'Ipil Oriental Food Export & Consolidator', 104, 'Pompano'),
(1798, 48, 'Ipil Oriental Food Export & Consolidator', 105, 'Threadfin Bream'),
(1799, 48, 'Ipil Oriental Food Export & Consolidator', 106, 'Tanigue Steak Cut'),
(1800, 48, 'Ipil Oriental Food Export & Consolidator', 107, 'Shrimps'),
(1801, 48, 'Ipil Oriental Food Export & Consolidator', 108, 'Alumahan'),
(1802, 48, 'Ipil Oriental Food Export & Consolidator', 109, 'Salmon Fillet'),
(1803, 48, 'Ipil Oriental Food Export & Consolidator', 111, 'Caviar'),
(1804, 48, 'Ipil Oriental Food Export & Consolidator', 112, 'Pusit'),
(1805, 48, 'Ipil Oriental Food Export & Consolidator', 113, 'Sugpo'),
(1806, 48, 'Ipil Oriental Food Export & Consolidator', 114, 'Oyster'),
(1807, 48, 'Ipil Oriental Food Export & Consolidator', 115, 'Mussels'),
(1808, 48, 'Ipil Oriental Food Export & Consolidator', 116, 'Crab'),
(1809, 48, 'Ipil Oriental Food Export & Consolidator', 117, 'Mud Crab'),
(1810, 48, 'Ipil Oriental Food Export & Consolidator', 118, 'Blue Marlin Cut'),
(1811, 48, 'Ipil Oriental Food Export & Consolidator', 119, 'Tawilis'),
(1812, 48, 'Ipil Oriental Food Export & Consolidator', 120, 'Tinapa Salinas'),
(1813, 48, 'Ipil Oriental Food Export & Consolidator', 121, 'Tuyo Salinas'),
(1814, 48, 'Ipil Oriental Food Export & Consolidator', 122, 'Labahita'),
(1815, 48, 'Ipil Oriental Food Export & Consolidator', 123, 'Jackfish'),
(1816, 48, 'Ipil Oriental Food Export & Consolidator', 124, 'Catfish'),
(1817, 48, 'Ipil Oriental Food Export & Consolidator', 125, 'Snail'),
(1818, 48, 'Ipil Oriental Food Export & Consolidator', 126, 'Moonfish'),
(1819, 49, 'Ocean Aquamarine Products Enterprises', 90, 'Tilapia'),
(1820, 49, 'Ocean Aquamarine Products Enterprises', 91, 'Yellowfin Tuna'),
(1821, 49, 'Ocean Aquamarine Products Enterprises', 93, 'Bangus'),
(1822, 49, 'Ocean Aquamarine Products Enterprises', 94, 'Lapu Lapu'),
(1823, 49, 'Ocean Aquamarine Products Enterprises', 95, 'Tamban'),
(1824, 49, 'Ocean Aquamarine Products Enterprises', 96, 'Anchovies'),
(1825, 49, 'Ocean Aquamarine Products Enterprises', 97, 'Red Snapper'),
(1826, 49, 'Ocean Aquamarine Products Enterprises', 98, 'Tulingan'),
(1827, 49, 'Ocean Aquamarine Products Enterprises', 99, 'Galunggong'),
(1828, 49, 'Ocean Aquamarine Products Enterprises', 100, 'Dalagang Bukid'),
(1829, 49, 'Ocean Aquamarine Products Enterprises', 101, 'Slipmouth Fish'),
(1830, 49, 'Ocean Aquamarine Products Enterprises', 102, 'Hasahasa'),
(1831, 49, 'Ocean Aquamarine Products Enterprises', 103, 'Barramundi'),
(1832, 49, 'Ocean Aquamarine Products Enterprises', 104, 'Pompano'),
(1833, 49, 'Ocean Aquamarine Products Enterprises', 105, 'Threadfin Bream'),
(1834, 49, 'Ocean Aquamarine Products Enterprises', 106, 'Tanigue Steak Cut'),
(1835, 49, 'Ocean Aquamarine Products Enterprises', 107, 'Shrimps'),
(1836, 49, 'Ocean Aquamarine Products Enterprises', 108, 'Alumahan'),
(1837, 49, 'Ocean Aquamarine Products Enterprises', 109, 'Salmon Fillet'),
(1838, 49, 'Ocean Aquamarine Products Enterprises', 111, 'Caviar'),
(1839, 49, 'Ocean Aquamarine Products Enterprises', 112, 'Pusit'),
(1840, 49, 'Ocean Aquamarine Products Enterprises', 113, 'Sugpo'),
(1841, 49, 'Ocean Aquamarine Products Enterprises', 114, 'Oyster'),
(1842, 49, 'Ocean Aquamarine Products Enterprises', 115, 'Mussels'),
(1843, 49, 'Ocean Aquamarine Products Enterprises', 116, 'Crab'),
(1844, 49, 'Ocean Aquamarine Products Enterprises', 117, 'Mud Crab'),
(1845, 49, 'Ocean Aquamarine Products Enterprises', 118, 'Blue Marlin Cut'),
(1846, 49, 'Ocean Aquamarine Products Enterprises', 119, 'Tawilis'),
(1847, 49, 'Ocean Aquamarine Products Enterprises', 120, 'Tinapa Salinas'),
(1848, 49, 'Ocean Aquamarine Products Enterprises', 121, 'Tuyo Salinas'),
(1849, 49, 'Ocean Aquamarine Products Enterprises', 122, 'Labahita'),
(1850, 49, 'Ocean Aquamarine Products Enterprises', 123, 'Jackfish'),
(1851, 49, 'Ocean Aquamarine Products Enterprises', 124, 'Catfish'),
(1852, 49, 'Ocean Aquamarine Products Enterprises', 125, 'Snail'),
(1853, 49, 'Ocean Aquamarine Products Enterprises', 126, 'Moonfish'),
(1854, 50, 'Sunrich Manufacturing Corp.', 90, 'Tilapia'),
(1855, 50, 'Sunrich Manufacturing Corp.', 91, 'Yellowfin Tuna'),
(1856, 50, 'Sunrich Manufacturing Corp.', 93, 'Bangus'),
(1857, 50, 'Sunrich Manufacturing Corp.', 94, 'Lapu Lapu'),
(1858, 50, 'Sunrich Manufacturing Corp.', 95, 'Tamban'),
(1859, 50, 'Sunrich Manufacturing Corp.', 96, 'Anchovies'),
(1860, 50, 'Sunrich Manufacturing Corp.', 97, 'Red Snapper'),
(1861, 50, 'Sunrich Manufacturing Corp.', 98, 'Tulingan'),
(1862, 50, 'Sunrich Manufacturing Corp.', 99, 'Galunggong'),
(1863, 50, 'Sunrich Manufacturing Corp.', 100, 'Dalagang Bukid'),
(1864, 50, 'Sunrich Manufacturing Corp.', 101, 'Slipmouth Fish'),
(1865, 50, 'Sunrich Manufacturing Corp.', 102, 'Hasahasa'),
(1866, 50, 'Sunrich Manufacturing Corp.', 103, 'Barramundi'),
(1867, 50, 'Sunrich Manufacturing Corp.', 104, 'Pompano'),
(1868, 50, 'Sunrich Manufacturing Corp.', 105, 'Threadfin Bream'),
(1869, 50, 'Sunrich Manufacturing Corp.', 106, 'Tanigue Steak Cut'),
(1870, 50, 'Sunrich Manufacturing Corp.', 107, 'Shrimps'),
(1871, 50, 'Sunrich Manufacturing Corp.', 108, 'Alumahan'),
(1872, 50, 'Sunrich Manufacturing Corp.', 109, 'Salmon Fillet'),
(1873, 50, 'Sunrich Manufacturing Corp.', 111, 'Caviar'),
(1874, 50, 'Sunrich Manufacturing Corp.', 112, 'Pusit'),
(1875, 50, 'Sunrich Manufacturing Corp.', 113, 'Sugpo'),
(1876, 50, 'Sunrich Manufacturing Corp.', 114, 'Oyster'),
(1877, 50, 'Sunrich Manufacturing Corp.', 115, 'Mussels'),
(1878, 50, 'Sunrich Manufacturing Corp.', 116, 'Crab'),
(1879, 50, 'Sunrich Manufacturing Corp.', 117, 'Mud Crab'),
(1880, 50, 'Sunrich Manufacturing Corp.', 118, 'Blue Marlin Cut'),
(1881, 50, 'Sunrich Manufacturing Corp.', 119, 'Tawilis'),
(1882, 50, 'Sunrich Manufacturing Corp.', 120, 'Tinapa Salinas'),
(1883, 50, 'Sunrich Manufacturing Corp.', 121, 'Tuyo Salinas'),
(1884, 50, 'Sunrich Manufacturing Corp.', 122, 'Labahita'),
(1885, 50, 'Sunrich Manufacturing Corp.', 123, 'Jackfish'),
(1886, 50, 'Sunrich Manufacturing Corp.', 124, 'Catfish'),
(1887, 50, 'Sunrich Manufacturing Corp.', 125, 'Snail'),
(1888, 50, 'Sunrich Manufacturing Corp.', 126, 'Moonfish'),
(1889, 51, 'Verdure Seafood Republic, Inc', 90, 'Tilapia'),
(1890, 51, 'Verdure Seafood Republic, Inc', 91, 'Yellowfin Tuna'),
(1891, 51, 'Verdure Seafood Republic, Inc', 93, 'Bangus'),
(1892, 51, 'Verdure Seafood Republic, Inc', 94, 'Lapu Lapu'),
(1893, 51, 'Verdure Seafood Republic, Inc', 95, 'Tamban'),
(1894, 51, 'Verdure Seafood Republic, Inc', 96, 'Anchovies'),
(1895, 51, 'Verdure Seafood Republic, Inc', 97, 'Red Snapper'),
(1896, 51, 'Verdure Seafood Republic, Inc', 98, 'Tulingan'),
(1897, 51, 'Verdure Seafood Republic, Inc', 99, 'Galunggong'),
(1898, 51, 'Verdure Seafood Republic, Inc', 100, 'Dalagang Bukid'),
(1899, 51, 'Verdure Seafood Republic, Inc', 101, 'Slipmouth Fish'),
(1900, 51, 'Verdure Seafood Republic, Inc', 102, 'Hasahasa'),
(1901, 51, 'Verdure Seafood Republic, Inc', 103, 'Barramundi'),
(1902, 51, 'Verdure Seafood Republic, Inc', 104, 'Pompano'),
(1903, 51, 'Verdure Seafood Republic, Inc', 105, 'Threadfin Bream'),
(1904, 51, 'Verdure Seafood Republic, Inc', 106, 'Tanigue Steak Cut'),
(1905, 51, 'Verdure Seafood Republic, Inc', 107, 'Shrimps'),
(1906, 51, 'Verdure Seafood Republic, Inc', 108, 'Alumahan'),
(1907, 51, 'Verdure Seafood Republic, Inc', 109, 'Salmon Fillet'),
(1908, 51, 'Verdure Seafood Republic, Inc', 111, 'Caviar'),
(1909, 51, 'Verdure Seafood Republic, Inc', 112, 'Pusit'),
(1910, 51, 'Verdure Seafood Republic, Inc', 113, 'Sugpo'),
(1911, 51, 'Verdure Seafood Republic, Inc', 114, 'Oyster'),
(1912, 51, 'Verdure Seafood Republic, Inc', 115, 'Mussels'),
(1913, 51, 'Verdure Seafood Republic, Inc', 116, 'Crab'),
(1914, 51, 'Verdure Seafood Republic, Inc', 117, 'Mud Crab'),
(1915, 51, 'Verdure Seafood Republic, Inc', 118, 'Blue Marlin Cut'),
(1916, 51, 'Verdure Seafood Republic, Inc', 119, 'Tawilis'),
(1917, 51, 'Verdure Seafood Republic, Inc', 120, 'Tinapa Salinas'),
(1918, 51, 'Verdure Seafood Republic, Inc', 121, 'Tuyo Salinas'),
(1919, 51, 'Verdure Seafood Republic, Inc', 122, 'Labahita'),
(1920, 51, 'Verdure Seafood Republic, Inc', 123, 'Jackfish'),
(1921, 51, 'Verdure Seafood Republic, Inc', 124, 'Catfish'),
(1922, 51, 'Verdure Seafood Republic, Inc', 125, 'Snail'),
(1923, 51, 'Verdure Seafood Republic, Inc', 126, 'Moonfish'),
(1924, 52, 'Triton Products Corp.', 90, 'Tilapia'),
(1925, 52, 'Triton Products Corp.', 91, 'Yellowfin Tuna'),
(1926, 52, 'Triton Products Corp.', 93, 'Bangus'),
(1927, 52, 'Triton Products Corp.', 94, 'Lapu Lapu'),
(1928, 52, 'Triton Products Corp.', 95, 'Tamban'),
(1929, 52, 'Triton Products Corp.', 96, 'Anchovies'),
(1930, 52, 'Triton Products Corp.', 97, 'Red Snapper'),
(1931, 52, 'Triton Products Corp.', 98, 'Tulingan'),
(1932, 52, 'Triton Products Corp.', 99, 'Galunggong'),
(1933, 52, 'Triton Products Corp.', 100, 'Dalagang Bukid'),
(1934, 52, 'Triton Products Corp.', 101, 'Slipmouth Fish'),
(1935, 52, 'Triton Products Corp.', 102, 'Hasahasa'),
(1936, 52, 'Triton Products Corp.', 103, 'Barramundi'),
(1937, 52, 'Triton Products Corp.', 104, 'Pompano'),
(1938, 52, 'Triton Products Corp.', 105, 'Threadfin Bream'),
(1939, 52, 'Triton Products Corp.', 106, 'Tanigue Steak Cut'),
(1940, 52, 'Triton Products Corp.', 107, 'Shrimps'),
(1941, 52, 'Triton Products Corp.', 108, 'Alumahan'),
(1942, 52, 'Triton Products Corp.', 109, 'Salmon Fillet'),
(1943, 52, 'Triton Products Corp.', 111, 'Caviar'),
(1944, 52, 'Triton Products Corp.', 112, 'Pusit'),
(1945, 52, 'Triton Products Corp.', 113, 'Sugpo'),
(1946, 52, 'Triton Products Corp.', 114, 'Oyster'),
(1947, 52, 'Triton Products Corp.', 115, 'Mussels'),
(1948, 52, 'Triton Products Corp.', 116, 'Crab'),
(1949, 52, 'Triton Products Corp.', 117, 'Mud Crab'),
(1950, 52, 'Triton Products Corp.', 118, 'Blue Marlin Cut'),
(1951, 52, 'Triton Products Corp.', 119, 'Tawilis'),
(1952, 52, 'Triton Products Corp.', 120, 'Tinapa Salinas'),
(1953, 52, 'Triton Products Corp.', 121, 'Tuyo Salinas'),
(1954, 52, 'Triton Products Corp.', 122, 'Labahita'),
(1955, 52, 'Triton Products Corp.', 123, 'Jackfish'),
(1956, 52, 'Triton Products Corp.', 124, 'Catfish'),
(1957, 52, 'Triton Products Corp.', 125, 'Snail'),
(1958, 52, 'Triton Products Corp.', 126, 'Moonfish'),
(1959, 53, 'T & T Aquamarine Ventures Corp.', 90, 'Tilapia'),
(1960, 53, 'T & T Aquamarine Ventures Corp.', 91, 'Yellowfin Tuna'),
(1961, 53, 'T & T Aquamarine Ventures Corp.', 93, 'Bangus'),
(1962, 53, 'T & T Aquamarine Ventures Corp.', 94, 'Lapu Lapu'),
(1963, 53, 'T & T Aquamarine Ventures Corp.', 95, 'Tamban'),
(1964, 53, 'T & T Aquamarine Ventures Corp.', 96, 'Anchovies'),
(1965, 53, 'T & T Aquamarine Ventures Corp.', 97, 'Red Snapper'),
(1966, 53, 'T & T Aquamarine Ventures Corp.', 98, 'Tulingan'),
(1967, 53, 'T & T Aquamarine Ventures Corp.', 99, 'Galunggong'),
(1968, 53, 'T & T Aquamarine Ventures Corp.', 100, 'Dalagang Bukid'),
(1969, 53, 'T & T Aquamarine Ventures Corp.', 101, 'Slipmouth Fish'),
(1970, 53, 'T & T Aquamarine Ventures Corp.', 102, 'Hasahasa'),
(1971, 53, 'T & T Aquamarine Ventures Corp.', 103, 'Barramundi'),
(1972, 53, 'T & T Aquamarine Ventures Corp.', 104, 'Pompano'),
(1973, 53, 'T & T Aquamarine Ventures Corp.', 105, 'Threadfin Bream'),
(1974, 53, 'T & T Aquamarine Ventures Corp.', 106, 'Tanigue Steak Cut'),
(1975, 53, 'T & T Aquamarine Ventures Corp.', 107, 'Shrimps'),
(1976, 53, 'T & T Aquamarine Ventures Corp.', 108, 'Alumahan'),
(1977, 53, 'T & T Aquamarine Ventures Corp.', 109, 'Salmon Fillet'),
(1978, 53, 'T & T Aquamarine Ventures Corp.', 111, 'Caviar'),
(1979, 53, 'T & T Aquamarine Ventures Corp.', 112, 'Pusit'),
(1980, 53, 'T & T Aquamarine Ventures Corp.', 113, 'Sugpo'),
(1981, 53, 'T & T Aquamarine Ventures Corp.', 114, 'Oyster'),
(1982, 53, 'T & T Aquamarine Ventures Corp.', 115, 'Mussels'),
(1983, 53, 'T & T Aquamarine Ventures Corp.', 116, 'Crab'),
(1984, 53, 'T & T Aquamarine Ventures Corp.', 117, 'Mud Crab'),
(1985, 53, 'T & T Aquamarine Ventures Corp.', 118, 'Blue Marlin Cut'),
(1986, 53, 'T & T Aquamarine Ventures Corp.', 119, 'Tawilis'),
(1987, 53, 'T & T Aquamarine Ventures Corp.', 120, 'Tinapa Salinas'),
(1988, 53, 'T & T Aquamarine Ventures Corp.', 121, 'Tuyo Salinas'),
(1989, 53, 'T & T Aquamarine Ventures Corp.', 122, 'Labahita'),
(1990, 53, 'T & T Aquamarine Ventures Corp.', 123, 'Jackfish'),
(1991, 53, 'T & T Aquamarine Ventures Corp.', 124, 'Catfish'),
(1992, 53, 'T & T Aquamarine Ventures Corp.', 125, 'Snail'),
(1993, 53, 'T & T Aquamarine Ventures Corp.', 126, 'Moonfish'),
(1994, 54, 'Master Chang’s Seafoods', 90, 'Tilapia'),
(1995, 54, 'Master Chang’s Seafoods', 91, 'Yellowfin Tuna'),
(1996, 54, 'Master Chang’s Seafoods', 93, 'Bangus'),
(1997, 54, 'Master Chang’s Seafoods', 94, 'Lapu Lapu'),
(1998, 54, 'Master Chang’s Seafoods', 95, 'Tamban'),
(1999, 54, 'Master Chang’s Seafoods', 96, 'Anchovies'),
(2000, 54, 'Master Chang’s Seafoods', 97, 'Red Snapper'),
(2001, 54, 'Master Chang’s Seafoods', 98, 'Tulingan'),
(2002, 54, 'Master Chang’s Seafoods', 99, 'Galunggong'),
(2003, 54, 'Master Chang’s Seafoods', 100, 'Dalagang Bukid'),
(2004, 54, 'Master Chang’s Seafoods', 101, 'Slipmouth Fish'),
(2005, 54, 'Master Chang’s Seafoods', 102, 'Hasahasa'),
(2006, 54, 'Master Chang’s Seafoods', 103, 'Barramundi'),
(2007, 54, 'Master Chang’s Seafoods', 104, 'Pompano'),
(2008, 54, 'Master Chang’s Seafoods', 105, 'Threadfin Bream'),
(2009, 54, 'Master Chang’s Seafoods', 106, 'Tanigue Steak Cut'),
(2010, 54, 'Master Chang’s Seafoods', 107, 'Shrimps'),
(2011, 54, 'Master Chang’s Seafoods', 108, 'Alumahan'),
(2012, 54, 'Master Chang’s Seafoods', 109, 'Salmon Fillet'),
(2013, 54, 'Master Chang’s Seafoods', 111, 'Caviar'),
(2014, 54, 'Master Chang’s Seafoods', 112, 'Pusit'),
(2015, 54, 'Master Chang’s Seafoods', 113, 'Sugpo'),
(2016, 54, 'Master Chang’s Seafoods', 114, 'Oyster'),
(2017, 54, 'Master Chang’s Seafoods', 115, 'Mussels'),
(2018, 54, 'Master Chang’s Seafoods', 116, 'Crab'),
(2019, 54, 'Master Chang’s Seafoods', 117, 'Mud Crab'),
(2020, 54, 'Master Chang’s Seafoods', 118, 'Blue Marlin Cut'),
(2021, 54, 'Master Chang’s Seafoods', 119, 'Tawilis'),
(2022, 54, 'Master Chang’s Seafoods', 120, 'Tinapa Salinas'),
(2023, 54, 'Master Chang’s Seafoods', 121, 'Tuyo Salinas'),
(2024, 54, 'Master Chang’s Seafoods', 122, 'Labahita'),
(2025, 54, 'Master Chang’s Seafoods', 123, 'Jackfish'),
(2026, 54, 'Master Chang’s Seafoods', 124, 'Catfish'),
(2027, 54, 'Master Chang’s Seafoods', 125, 'Snail'),
(2028, 54, 'Master Chang’s Seafoods', 126, 'Moonfish'),
(2029, 55, 'SanMar Marine Products and Export', 90, 'Tilapia'),
(2030, 55, 'SanMar Marine Products and Export', 91, 'Yellowfin Tuna'),
(2031, 55, 'SanMar Marine Products and Export', 93, 'Bangus'),
(2032, 55, 'SanMar Marine Products and Export', 94, 'Lapu Lapu'),
(2033, 55, 'SanMar Marine Products and Export', 95, 'Tamban'),
(2034, 55, 'SanMar Marine Products and Export', 96, 'Anchovies'),
(2035, 55, 'SanMar Marine Products and Export', 97, 'Red Snapper'),
(2036, 55, 'SanMar Marine Products and Export', 98, 'Tulingan'),
(2037, 55, 'SanMar Marine Products and Export', 99, 'Galunggong'),
(2038, 55, 'SanMar Marine Products and Export', 100, 'Dalagang Bukid'),
(2039, 55, 'SanMar Marine Products and Export', 101, 'Slipmouth Fish'),
(2040, 55, 'SanMar Marine Products and Export', 102, 'Hasahasa'),
(2041, 55, 'SanMar Marine Products and Export', 103, 'Barramundi'),
(2042, 55, 'SanMar Marine Products and Export', 104, 'Pompano'),
(2043, 55, 'SanMar Marine Products and Export', 105, 'Threadfin Bream'),
(2044, 55, 'SanMar Marine Products and Export', 106, 'Tanigue Steak Cut'),
(2045, 55, 'SanMar Marine Products and Export', 107, 'Shrimps'),
(2046, 55, 'SanMar Marine Products and Export', 108, 'Alumahan'),
(2047, 55, 'SanMar Marine Products and Export', 109, 'Salmon Fillet'),
(2048, 55, 'SanMar Marine Products and Export', 111, 'Caviar'),
(2049, 55, 'SanMar Marine Products and Export', 112, 'Pusit'),
(2050, 55, 'SanMar Marine Products and Export', 113, 'Sugpo'),
(2051, 55, 'SanMar Marine Products and Export', 114, 'Oyster'),
(2052, 55, 'SanMar Marine Products and Export', 115, 'Mussels'),
(2053, 55, 'SanMar Marine Products and Export', 116, 'Crab'),
(2054, 55, 'SanMar Marine Products and Export', 117, 'Mud Crab'),
(2055, 55, 'SanMar Marine Products and Export', 118, 'Blue Marlin Cut'),
(2056, 55, 'SanMar Marine Products and Export', 119, 'Tawilis'),
(2057, 55, 'SanMar Marine Products and Export', 120, 'Tinapa Salinas'),
(2058, 55, 'SanMar Marine Products and Export', 121, 'Tuyo Salinas'),
(2059, 55, 'SanMar Marine Products and Export', 122, 'Labahita'),
(2060, 55, 'SanMar Marine Products and Export', 123, 'Jackfish'),
(2061, 55, 'SanMar Marine Products and Export', 124, 'Catfish'),
(2062, 55, 'SanMar Marine Products and Export', 125, 'Snail'),
(2063, 55, 'SanMar Marine Products and Export', 126, 'Moonfish'),
(2064, 56, 'PFL Export Trading', 90, 'Tilapia'),
(2065, 56, 'PFL Export Trading', 91, 'Yellowfin Tuna'),
(2066, 56, 'PFL Export Trading', 93, 'Bangus'),
(2067, 56, 'PFL Export Trading', 94, 'Lapu Lapu'),
(2068, 56, 'PFL Export Trading', 95, 'Tamban'),
(2069, 56, 'PFL Export Trading', 96, 'Anchovies'),
(2070, 56, 'PFL Export Trading', 97, 'Red Snapper'),
(2071, 56, 'PFL Export Trading', 98, 'Tulingan'),
(2072, 56, 'PFL Export Trading', 99, 'Galunggong'),
(2073, 56, 'PFL Export Trading', 100, 'Dalagang Bukid'),
(2074, 56, 'PFL Export Trading', 101, 'Slipmouth Fish'),
(2075, 56, 'PFL Export Trading', 102, 'Hasahasa'),
(2076, 56, 'PFL Export Trading', 103, 'Barramundi'),
(2077, 56, 'PFL Export Trading', 104, 'Pompano'),
(2078, 56, 'PFL Export Trading', 105, 'Threadfin Bream'),
(2079, 56, 'PFL Export Trading', 106, 'Tanigue Steak Cut'),
(2080, 56, 'PFL Export Trading', 107, 'Shrimps'),
(2081, 56, 'PFL Export Trading', 108, 'Alumahan'),
(2082, 56, 'PFL Export Trading', 109, 'Salmon Fillet'),
(2083, 56, 'PFL Export Trading', 111, 'Caviar'),
(2084, 56, 'PFL Export Trading', 112, 'Pusit'),
(2085, 56, 'PFL Export Trading', 113, 'Sugpo'),
(2086, 56, 'PFL Export Trading', 114, 'Oyster'),
(2087, 56, 'PFL Export Trading', 115, 'Mussels'),
(2088, 56, 'PFL Export Trading', 116, 'Crab'),
(2089, 56, 'PFL Export Trading', 117, 'Mud Crab'),
(2090, 56, 'PFL Export Trading', 118, 'Blue Marlin Cut'),
(2091, 56, 'PFL Export Trading', 119, 'Tawilis');
INSERT INTO `wholesale` (`id`, `supplier_id`, `supplier_name`, `product_id`, `product_name`) VALUES
(2092, 56, 'PFL Export Trading', 120, 'Tinapa Salinas'),
(2093, 56, 'PFL Export Trading', 121, 'Tuyo Salinas'),
(2094, 56, 'PFL Export Trading', 122, 'Labahita'),
(2095, 56, 'PFL Export Trading', 123, 'Jackfish'),
(2096, 56, 'PFL Export Trading', 124, 'Catfish'),
(2097, 56, 'PFL Export Trading', 125, 'Snail'),
(2098, 56, 'PFL Export Trading', 126, 'Moonfish'),
(2099, 57, 'Seaworld Export-Import Traders', 90, 'Tilapia'),
(2100, 57, 'Seaworld Export-Import Traders', 91, 'Yellowfin Tuna'),
(2101, 57, 'Seaworld Export-Import Traders', 93, 'Bangus'),
(2102, 57, 'Seaworld Export-Import Traders', 94, 'Lapu Lapu'),
(2103, 57, 'Seaworld Export-Import Traders', 95, 'Tamban'),
(2104, 57, 'Seaworld Export-Import Traders', 96, 'Anchovies'),
(2105, 57, 'Seaworld Export-Import Traders', 97, 'Red Snapper'),
(2106, 57, 'Seaworld Export-Import Traders', 98, 'Tulingan'),
(2107, 57, 'Seaworld Export-Import Traders', 99, 'Galunggong'),
(2108, 57, 'Seaworld Export-Import Traders', 100, 'Dalagang Bukid'),
(2109, 57, 'Seaworld Export-Import Traders', 101, 'Slipmouth Fish'),
(2110, 57, 'Seaworld Export-Import Traders', 102, 'Hasahasa'),
(2111, 57, 'Seaworld Export-Import Traders', 103, 'Barramundi'),
(2112, 57, 'Seaworld Export-Import Traders', 104, 'Pompano'),
(2113, 57, 'Seaworld Export-Import Traders', 105, 'Threadfin Bream'),
(2114, 57, 'Seaworld Export-Import Traders', 106, 'Tanigue Steak Cut'),
(2115, 57, 'Seaworld Export-Import Traders', 107, 'Shrimps'),
(2116, 57, 'Seaworld Export-Import Traders', 108, 'Alumahan'),
(2117, 57, 'Seaworld Export-Import Traders', 109, 'Salmon Fillet'),
(2118, 57, 'Seaworld Export-Import Traders', 111, 'Caviar'),
(2119, 57, 'Seaworld Export-Import Traders', 112, 'Pusit'),
(2120, 57, 'Seaworld Export-Import Traders', 113, 'Sugpo'),
(2121, 57, 'Seaworld Export-Import Traders', 114, 'Oyster'),
(2122, 57, 'Seaworld Export-Import Traders', 115, 'Mussels'),
(2123, 57, 'Seaworld Export-Import Traders', 116, 'Crab'),
(2124, 57, 'Seaworld Export-Import Traders', 117, 'Mud Crab'),
(2125, 57, 'Seaworld Export-Import Traders', 118, 'Blue Marlin Cut'),
(2126, 57, 'Seaworld Export-Import Traders', 119, 'Tawilis'),
(2127, 57, 'Seaworld Export-Import Traders', 120, 'Tinapa Salinas'),
(2128, 57, 'Seaworld Export-Import Traders', 121, 'Tuyo Salinas'),
(2129, 57, 'Seaworld Export-Import Traders', 122, 'Labahita'),
(2130, 57, 'Seaworld Export-Import Traders', 123, 'Jackfish'),
(2131, 57, 'Seaworld Export-Import Traders', 124, 'Catfish'),
(2132, 57, 'Seaworld Export-Import Traders', 125, 'Snail'),
(2133, 57, 'Seaworld Export-Import Traders', 126, 'Moonfish'),
(2134, 58, 'Siargo’s Bountry Seafoods Corp.', 90, 'Tilapia'),
(2135, 58, 'Siargo’s Bountry Seafoods Corp.', 91, 'Yellowfin Tuna'),
(2136, 58, 'Siargo’s Bountry Seafoods Corp.', 93, 'Bangus'),
(2137, 58, 'Siargo’s Bountry Seafoods Corp.', 94, 'Lapu Lapu'),
(2138, 58, 'Siargo’s Bountry Seafoods Corp.', 95, 'Tamban'),
(2139, 58, 'Siargo’s Bountry Seafoods Corp.', 96, 'Anchovies'),
(2140, 58, 'Siargo’s Bountry Seafoods Corp.', 97, 'Red Snapper'),
(2141, 58, 'Siargo’s Bountry Seafoods Corp.', 98, 'Tulingan'),
(2142, 58, 'Siargo’s Bountry Seafoods Corp.', 99, 'Galunggong'),
(2143, 58, 'Siargo’s Bountry Seafoods Corp.', 100, 'Dalagang Bukid'),
(2144, 58, 'Siargo’s Bountry Seafoods Corp.', 101, 'Slipmouth Fish'),
(2145, 58, 'Siargo’s Bountry Seafoods Corp.', 102, 'Hasahasa'),
(2146, 58, 'Siargo’s Bountry Seafoods Corp.', 103, 'Barramundi'),
(2147, 58, 'Siargo’s Bountry Seafoods Corp.', 104, 'Pompano'),
(2148, 58, 'Siargo’s Bountry Seafoods Corp.', 105, 'Threadfin Bream'),
(2149, 58, 'Siargo’s Bountry Seafoods Corp.', 106, 'Tanigue Steak Cut'),
(2150, 58, 'Siargo’s Bountry Seafoods Corp.', 107, 'Shrimps'),
(2151, 58, 'Siargo’s Bountry Seafoods Corp.', 108, 'Alumahan'),
(2152, 58, 'Siargo’s Bountry Seafoods Corp.', 109, 'Salmon Fillet'),
(2153, 58, 'Siargo’s Bountry Seafoods Corp.', 111, 'Caviar'),
(2154, 58, 'Siargo’s Bountry Seafoods Corp.', 112, 'Pusit'),
(2155, 58, 'Siargo’s Bountry Seafoods Corp.', 113, 'Sugpo'),
(2156, 58, 'Siargo’s Bountry Seafoods Corp.', 114, 'Oyster'),
(2157, 58, 'Siargo’s Bountry Seafoods Corp.', 115, 'Mussels'),
(2158, 58, 'Siargo’s Bountry Seafoods Corp.', 116, 'Crab'),
(2159, 58, 'Siargo’s Bountry Seafoods Corp.', 117, 'Mud Crab'),
(2160, 58, 'Siargo’s Bountry Seafoods Corp.', 118, 'Blue Marlin Cut'),
(2161, 58, 'Siargo’s Bountry Seafoods Corp.', 119, 'Tawilis'),
(2162, 58, 'Siargo’s Bountry Seafoods Corp.', 120, 'Tinapa Salinas'),
(2163, 58, 'Siargo’s Bountry Seafoods Corp.', 121, 'Tuyo Salinas'),
(2164, 58, 'Siargo’s Bountry Seafoods Corp.', 122, 'Labahita'),
(2165, 58, 'Siargo’s Bountry Seafoods Corp.', 123, 'Jackfish'),
(2166, 58, 'Siargo’s Bountry Seafoods Corp.', 124, 'Catfish'),
(2167, 58, 'Siargo’s Bountry Seafoods Corp.', 125, 'Snail'),
(2168, 58, 'Siargo’s Bountry Seafoods Corp.', 126, 'Moonfish'),
(2169, 59, 'Chinoy Seafood Exporter and Importer', 90, 'Tilapia'),
(2170, 59, 'Chinoy Seafood Exporter and Importer', 91, 'Yellowfin Tuna'),
(2171, 59, 'Chinoy Seafood Exporter and Importer', 93, 'Bangus'),
(2172, 59, 'Chinoy Seafood Exporter and Importer', 94, 'Lapu Lapu'),
(2173, 59, 'Chinoy Seafood Exporter and Importer', 95, 'Tamban'),
(2174, 59, 'Chinoy Seafood Exporter and Importer', 96, 'Anchovies'),
(2175, 59, 'Chinoy Seafood Exporter and Importer', 97, 'Red Snapper'),
(2176, 59, 'Chinoy Seafood Exporter and Importer', 98, 'Tulingan'),
(2177, 59, 'Chinoy Seafood Exporter and Importer', 99, 'Galunggong'),
(2178, 59, 'Chinoy Seafood Exporter and Importer', 100, 'Dalagang Bukid'),
(2179, 59, 'Chinoy Seafood Exporter and Importer', 101, 'Slipmouth Fish'),
(2180, 59, 'Chinoy Seafood Exporter and Importer', 102, 'Hasahasa'),
(2181, 59, 'Chinoy Seafood Exporter and Importer', 103, 'Barramundi'),
(2182, 59, 'Chinoy Seafood Exporter and Importer', 104, 'Pompano'),
(2183, 59, 'Chinoy Seafood Exporter and Importer', 105, 'Threadfin Bream'),
(2184, 59, 'Chinoy Seafood Exporter and Importer', 106, 'Tanigue Steak Cut'),
(2185, 59, 'Chinoy Seafood Exporter and Importer', 107, 'Shrimps'),
(2186, 59, 'Chinoy Seafood Exporter and Importer', 108, 'Alumahan'),
(2187, 59, 'Chinoy Seafood Exporter and Importer', 109, 'Salmon Fillet'),
(2188, 59, 'Chinoy Seafood Exporter and Importer', 111, 'Caviar'),
(2189, 59, 'Chinoy Seafood Exporter and Importer', 112, 'Pusit'),
(2190, 59, 'Chinoy Seafood Exporter and Importer', 113, 'Sugpo'),
(2191, 59, 'Chinoy Seafood Exporter and Importer', 114, 'Oyster'),
(2192, 59, 'Chinoy Seafood Exporter and Importer', 115, 'Mussels'),
(2193, 59, 'Chinoy Seafood Exporter and Importer', 116, 'Crab'),
(2194, 59, 'Chinoy Seafood Exporter and Importer', 117, 'Mud Crab'),
(2195, 59, 'Chinoy Seafood Exporter and Importer', 118, 'Blue Marlin Cut'),
(2196, 59, 'Chinoy Seafood Exporter and Importer', 119, 'Tawilis'),
(2197, 59, 'Chinoy Seafood Exporter and Importer', 120, 'Tinapa Salinas'),
(2198, 59, 'Chinoy Seafood Exporter and Importer', 121, 'Tuyo Salinas'),
(2199, 59, 'Chinoy Seafood Exporter and Importer', 122, 'Labahita'),
(2200, 59, 'Chinoy Seafood Exporter and Importer', 123, 'Jackfish'),
(2201, 59, 'Chinoy Seafood Exporter and Importer', 124, 'Catfish'),
(2202, 59, 'Chinoy Seafood Exporter and Importer', 125, 'Snail'),
(2203, 59, 'Chinoy Seafood Exporter and Importer', 126, 'Moonfish'),
(2204, 60, 'Millenium Ocean Star Corp. (Samar)', 90, 'Tilapia'),
(2205, 60, 'Millenium Ocean Star Corp. (Samar)', 91, 'Yellowfin Tuna'),
(2206, 60, 'Millenium Ocean Star Corp. (Samar)', 93, 'Bangus'),
(2207, 60, 'Millenium Ocean Star Corp. (Samar)', 94, 'Lapu Lapu'),
(2208, 60, 'Millenium Ocean Star Corp. (Samar)', 95, 'Tamban'),
(2209, 60, 'Millenium Ocean Star Corp. (Samar)', 96, 'Anchovies'),
(2210, 60, 'Millenium Ocean Star Corp. (Samar)', 97, 'Red Snapper'),
(2211, 60, 'Millenium Ocean Star Corp. (Samar)', 98, 'Tulingan'),
(2212, 60, 'Millenium Ocean Star Corp. (Samar)', 99, 'Galunggong'),
(2213, 60, 'Millenium Ocean Star Corp. (Samar)', 100, 'Dalagang Bukid'),
(2214, 60, 'Millenium Ocean Star Corp. (Samar)', 101, 'Slipmouth Fish'),
(2215, 60, 'Millenium Ocean Star Corp. (Samar)', 102, 'Hasahasa'),
(2216, 60, 'Millenium Ocean Star Corp. (Samar)', 103, 'Barramundi'),
(2217, 60, 'Millenium Ocean Star Corp. (Samar)', 104, 'Pompano'),
(2218, 60, 'Millenium Ocean Star Corp. (Samar)', 105, 'Threadfin Bream'),
(2219, 60, 'Millenium Ocean Star Corp. (Samar)', 106, 'Tanigue Steak Cut'),
(2220, 60, 'Millenium Ocean Star Corp. (Samar)', 107, 'Shrimps'),
(2221, 60, 'Millenium Ocean Star Corp. (Samar)', 108, 'Alumahan'),
(2222, 60, 'Millenium Ocean Star Corp. (Samar)', 109, 'Salmon Fillet'),
(2223, 60, 'Millenium Ocean Star Corp. (Samar)', 111, 'Caviar'),
(2224, 60, 'Millenium Ocean Star Corp. (Samar)', 112, 'Pusit'),
(2225, 60, 'Millenium Ocean Star Corp. (Samar)', 113, 'Sugpo'),
(2226, 60, 'Millenium Ocean Star Corp. (Samar)', 114, 'Oyster'),
(2227, 60, 'Millenium Ocean Star Corp. (Samar)', 115, 'Mussels'),
(2228, 60, 'Millenium Ocean Star Corp. (Samar)', 116, 'Crab'),
(2229, 60, 'Millenium Ocean Star Corp. (Samar)', 117, 'Mud Crab'),
(2230, 60, 'Millenium Ocean Star Corp. (Samar)', 118, 'Blue Marlin Cut'),
(2231, 60, 'Millenium Ocean Star Corp. (Samar)', 119, 'Tawilis'),
(2232, 60, 'Millenium Ocean Star Corp. (Samar)', 120, 'Tinapa Salinas'),
(2233, 60, 'Millenium Ocean Star Corp. (Samar)', 121, 'Tuyo Salinas'),
(2234, 60, 'Millenium Ocean Star Corp. (Samar)', 122, 'Labahita'),
(2235, 60, 'Millenium Ocean Star Corp. (Samar)', 123, 'Jackfish'),
(2236, 60, 'Millenium Ocean Star Corp. (Samar)', 124, 'Catfish'),
(2237, 60, 'Millenium Ocean Star Corp. (Samar)', 125, 'Snail'),
(2238, 60, 'Millenium Ocean Star Corp. (Samar)', 126, 'Moonfish'),
(2239, 61, 'TBK Manufacturing Corp.', 90, 'Tilapia'),
(2240, 61, 'TBK Manufacturing Corp.', 91, 'Yellowfin Tuna'),
(2241, 61, 'TBK Manufacturing Corp.', 93, 'Bangus'),
(2242, 61, 'TBK Manufacturing Corp.', 94, 'Lapu Lapu'),
(2243, 61, 'TBK Manufacturing Corp.', 95, 'Tamban'),
(2244, 61, 'TBK Manufacturing Corp.', 96, 'Anchovies'),
(2245, 61, 'TBK Manufacturing Corp.', 97, 'Red Snapper'),
(2246, 61, 'TBK Manufacturing Corp.', 98, 'Tulingan'),
(2247, 61, 'TBK Manufacturing Corp.', 99, 'Galunggong'),
(2248, 61, 'TBK Manufacturing Corp.', 100, 'Dalagang Bukid'),
(2249, 61, 'TBK Manufacturing Corp.', 101, 'Slipmouth Fish'),
(2250, 61, 'TBK Manufacturing Corp.', 102, 'Hasahasa'),
(2251, 61, 'TBK Manufacturing Corp.', 103, 'Barramundi'),
(2252, 61, 'TBK Manufacturing Corp.', 104, 'Pompano'),
(2253, 61, 'TBK Manufacturing Corp.', 105, 'Threadfin Bream'),
(2254, 61, 'TBK Manufacturing Corp.', 106, 'Tanigue Steak Cut'),
(2255, 61, 'TBK Manufacturing Corp.', 107, 'Shrimps'),
(2256, 61, 'TBK Manufacturing Corp.', 108, 'Alumahan'),
(2257, 61, 'TBK Manufacturing Corp.', 109, 'Salmon Fillet'),
(2258, 61, 'TBK Manufacturing Corp.', 111, 'Caviar'),
(2259, 61, 'TBK Manufacturing Corp.', 112, 'Pusit'),
(2260, 61, 'TBK Manufacturing Corp.', 113, 'Sugpo'),
(2261, 61, 'TBK Manufacturing Corp.', 114, 'Oyster'),
(2262, 61, 'TBK Manufacturing Corp.', 115, 'Mussels'),
(2263, 61, 'TBK Manufacturing Corp.', 116, 'Crab'),
(2264, 61, 'TBK Manufacturing Corp.', 117, 'Mud Crab'),
(2265, 61, 'TBK Manufacturing Corp.', 118, 'Blue Marlin Cut'),
(2266, 61, 'TBK Manufacturing Corp.', 119, 'Tawilis'),
(2267, 61, 'TBK Manufacturing Corp.', 120, 'Tinapa Salinas'),
(2268, 61, 'TBK Manufacturing Corp.', 121, 'Tuyo Salinas'),
(2269, 61, 'TBK Manufacturing Corp.', 122, 'Labahita'),
(2270, 61, 'TBK Manufacturing Corp.', 123, 'Jackfish'),
(2271, 61, 'TBK Manufacturing Corp.', 124, 'Catfish'),
(2272, 61, 'TBK Manufacturing Corp.', 125, 'Snail'),
(2273, 61, 'TBK Manufacturing Corp.', 126, 'Moonfish'),
(2274, 62, 'Alenter Food, Inc.', 90, 'Tilapia'),
(2275, 62, 'Alenter Food, Inc.', 91, 'Yellowfin Tuna'),
(2276, 62, 'Alenter Food, Inc.', 93, 'Bangus'),
(2277, 62, 'Alenter Food, Inc.', 94, 'Lapu Lapu'),
(2278, 62, 'Alenter Food, Inc.', 95, 'Tamban'),
(2279, 62, 'Alenter Food, Inc.', 96, 'Anchovies'),
(2280, 62, 'Alenter Food, Inc.', 97, 'Red Snapper'),
(2281, 62, 'Alenter Food, Inc.', 98, 'Tulingan'),
(2282, 62, 'Alenter Food, Inc.', 99, 'Galunggong'),
(2283, 62, 'Alenter Food, Inc.', 100, 'Dalagang Bukid'),
(2284, 62, 'Alenter Food, Inc.', 101, 'Slipmouth Fish'),
(2285, 62, 'Alenter Food, Inc.', 102, 'Hasahasa'),
(2286, 62, 'Alenter Food, Inc.', 103, 'Barramundi'),
(2287, 62, 'Alenter Food, Inc.', 104, 'Pompano'),
(2288, 62, 'Alenter Food, Inc.', 105, 'Threadfin Bream'),
(2289, 62, 'Alenter Food, Inc.', 106, 'Tanigue Steak Cut'),
(2290, 62, 'Alenter Food, Inc.', 107, 'Shrimps'),
(2291, 62, 'Alenter Food, Inc.', 108, 'Alumahan'),
(2292, 62, 'Alenter Food, Inc.', 109, 'Salmon Fillet'),
(2293, 62, 'Alenter Food, Inc.', 111, 'Caviar'),
(2294, 62, 'Alenter Food, Inc.', 112, 'Pusit'),
(2295, 62, 'Alenter Food, Inc.', 113, 'Sugpo'),
(2296, 62, 'Alenter Food, Inc.', 114, 'Oyster'),
(2297, 62, 'Alenter Food, Inc.', 115, 'Mussels'),
(2298, 62, 'Alenter Food, Inc.', 116, 'Crab'),
(2299, 62, 'Alenter Food, Inc.', 117, 'Mud Crab'),
(2300, 62, 'Alenter Food, Inc.', 118, 'Blue Marlin Cut'),
(2301, 62, 'Alenter Food, Inc.', 119, 'Tawilis'),
(2302, 62, 'Alenter Food, Inc.', 120, 'Tinapa Salinas'),
(2303, 62, 'Alenter Food, Inc.', 121, 'Tuyo Salinas'),
(2304, 62, 'Alenter Food, Inc.', 122, 'Labahita'),
(2305, 62, 'Alenter Food, Inc.', 123, 'Jackfish'),
(2306, 62, 'Alenter Food, Inc.', 124, 'Catfish'),
(2307, 62, 'Alenter Food, Inc.', 125, 'Snail'),
(2308, 62, 'Alenter Food, Inc.', 126, 'Moonfish'),
(2309, 63, 'Aquatic Food Manufacturing Corp.', 90, 'Tilapia'),
(2310, 63, 'Aquatic Food Manufacturing Corp.', 91, 'Yellowfin Tuna'),
(2311, 63, 'Aquatic Food Manufacturing Corp.', 93, 'Bangus'),
(2312, 63, 'Aquatic Food Manufacturing Corp.', 94, 'Lapu Lapu'),
(2313, 63, 'Aquatic Food Manufacturing Corp.', 95, 'Tamban'),
(2314, 63, 'Aquatic Food Manufacturing Corp.', 96, 'Anchovies'),
(2315, 63, 'Aquatic Food Manufacturing Corp.', 97, 'Red Snapper'),
(2316, 63, 'Aquatic Food Manufacturing Corp.', 98, 'Tulingan'),
(2317, 63, 'Aquatic Food Manufacturing Corp.', 99, 'Galunggong'),
(2318, 63, 'Aquatic Food Manufacturing Corp.', 100, 'Dalagang Bukid'),
(2319, 63, 'Aquatic Food Manufacturing Corp.', 101, 'Slipmouth Fish'),
(2320, 63, 'Aquatic Food Manufacturing Corp.', 102, 'Hasahasa'),
(2321, 63, 'Aquatic Food Manufacturing Corp.', 103, 'Barramundi'),
(2322, 63, 'Aquatic Food Manufacturing Corp.', 104, 'Pompano'),
(2323, 63, 'Aquatic Food Manufacturing Corp.', 105, 'Threadfin Bream'),
(2324, 63, 'Aquatic Food Manufacturing Corp.', 106, 'Tanigue Steak Cut'),
(2325, 63, 'Aquatic Food Manufacturing Corp.', 107, 'Shrimps'),
(2326, 63, 'Aquatic Food Manufacturing Corp.', 108, 'Alumahan'),
(2327, 63, 'Aquatic Food Manufacturing Corp.', 109, 'Salmon Fillet'),
(2328, 63, 'Aquatic Food Manufacturing Corp.', 111, 'Caviar'),
(2329, 63, 'Aquatic Food Manufacturing Corp.', 112, 'Pusit'),
(2330, 63, 'Aquatic Food Manufacturing Corp.', 113, 'Sugpo'),
(2331, 63, 'Aquatic Food Manufacturing Corp.', 114, 'Oyster'),
(2332, 63, 'Aquatic Food Manufacturing Corp.', 115, 'Mussels'),
(2333, 63, 'Aquatic Food Manufacturing Corp.', 116, 'Crab'),
(2334, 63, 'Aquatic Food Manufacturing Corp.', 117, 'Mud Crab'),
(2335, 63, 'Aquatic Food Manufacturing Corp.', 118, 'Blue Marlin Cut'),
(2336, 63, 'Aquatic Food Manufacturing Corp.', 119, 'Tawilis'),
(2337, 63, 'Aquatic Food Manufacturing Corp.', 120, 'Tinapa Salinas'),
(2338, 63, 'Aquatic Food Manufacturing Corp.', 121, 'Tuyo Salinas'),
(2339, 63, 'Aquatic Food Manufacturing Corp.', 122, 'Labahita'),
(2340, 63, 'Aquatic Food Manufacturing Corp.', 123, 'Jackfish'),
(2341, 63, 'Aquatic Food Manufacturing Corp.', 124, 'Catfish'),
(2342, 63, 'Aquatic Food Manufacturing Corp.', 125, 'Snail'),
(2343, 63, 'Aquatic Food Manufacturing Corp.', 126, 'Moonfish'),
(2344, 64, 'Bicol Blue Star Export Corp.', 90, 'Tilapia'),
(2345, 64, 'Bicol Blue Star Export Corp.', 91, 'Yellowfin Tuna'),
(2346, 64, 'Bicol Blue Star Export Corp.', 93, 'Bangus'),
(2347, 64, 'Bicol Blue Star Export Corp.', 94, 'Lapu Lapu'),
(2348, 64, 'Bicol Blue Star Export Corp.', 95, 'Tamban'),
(2349, 64, 'Bicol Blue Star Export Corp.', 96, 'Anchovies'),
(2350, 64, 'Bicol Blue Star Export Corp.', 97, 'Red Snapper'),
(2351, 64, 'Bicol Blue Star Export Corp.', 98, 'Tulingan'),
(2352, 64, 'Bicol Blue Star Export Corp.', 99, 'Galunggong'),
(2353, 64, 'Bicol Blue Star Export Corp.', 100, 'Dalagang Bukid'),
(2354, 64, 'Bicol Blue Star Export Corp.', 101, 'Slipmouth Fish'),
(2355, 64, 'Bicol Blue Star Export Corp.', 102, 'Hasahasa'),
(2356, 64, 'Bicol Blue Star Export Corp.', 103, 'Barramundi'),
(2357, 64, 'Bicol Blue Star Export Corp.', 104, 'Pompano'),
(2358, 64, 'Bicol Blue Star Export Corp.', 105, 'Threadfin Bream'),
(2359, 64, 'Bicol Blue Star Export Corp.', 106, 'Tanigue Steak Cut'),
(2360, 64, 'Bicol Blue Star Export Corp.', 107, 'Shrimps'),
(2361, 64, 'Bicol Blue Star Export Corp.', 108, 'Alumahan'),
(2362, 64, 'Bicol Blue Star Export Corp.', 109, 'Salmon Fillet'),
(2363, 64, 'Bicol Blue Star Export Corp.', 111, 'Caviar'),
(2364, 64, 'Bicol Blue Star Export Corp.', 112, 'Pusit'),
(2365, 64, 'Bicol Blue Star Export Corp.', 113, 'Sugpo'),
(2366, 64, 'Bicol Blue Star Export Corp.', 114, 'Oyster'),
(2367, 64, 'Bicol Blue Star Export Corp.', 115, 'Mussels'),
(2368, 64, 'Bicol Blue Star Export Corp.', 116, 'Crab'),
(2369, 64, 'Bicol Blue Star Export Corp.', 117, 'Mud Crab'),
(2370, 64, 'Bicol Blue Star Export Corp.', 118, 'Blue Marlin Cut'),
(2371, 64, 'Bicol Blue Star Export Corp.', 119, 'Tawilis'),
(2372, 64, 'Bicol Blue Star Export Corp.', 120, 'Tinapa Salinas'),
(2373, 64, 'Bicol Blue Star Export Corp.', 121, 'Tuyo Salinas'),
(2374, 64, 'Bicol Blue Star Export Corp.', 122, 'Labahita'),
(2375, 64, 'Bicol Blue Star Export Corp.', 123, 'Jackfish'),
(2376, 64, 'Bicol Blue Star Export Corp.', 124, 'Catfish'),
(2377, 64, 'Bicol Blue Star Export Corp.', 125, 'Snail'),
(2378, 64, 'Bicol Blue Star Export Corp.', 126, 'Moonfish'),
(2379, 65, 'Dai-Hai Marine Products Corp.', 90, 'Tilapia'),
(2380, 65, 'Dai-Hai Marine Products Corp.', 91, 'Yellowfin Tuna'),
(2381, 65, 'Dai-Hai Marine Products Corp.', 93, 'Bangus'),
(2382, 65, 'Dai-Hai Marine Products Corp.', 94, 'Lapu Lapu'),
(2383, 65, 'Dai-Hai Marine Products Corp.', 95, 'Tamban'),
(2384, 65, 'Dai-Hai Marine Products Corp.', 96, 'Anchovies'),
(2385, 65, 'Dai-Hai Marine Products Corp.', 97, 'Red Snapper'),
(2386, 65, 'Dai-Hai Marine Products Corp.', 98, 'Tulingan'),
(2387, 65, 'Dai-Hai Marine Products Corp.', 99, 'Galunggong'),
(2388, 65, 'Dai-Hai Marine Products Corp.', 100, 'Dalagang Bukid'),
(2389, 65, 'Dai-Hai Marine Products Corp.', 101, 'Slipmouth Fish'),
(2390, 65, 'Dai-Hai Marine Products Corp.', 102, 'Hasahasa'),
(2391, 65, 'Dai-Hai Marine Products Corp.', 103, 'Barramundi'),
(2392, 65, 'Dai-Hai Marine Products Corp.', 104, 'Pompano'),
(2393, 65, 'Dai-Hai Marine Products Corp.', 105, 'Threadfin Bream'),
(2394, 65, 'Dai-Hai Marine Products Corp.', 106, 'Tanigue Steak Cut'),
(2395, 65, 'Dai-Hai Marine Products Corp.', 107, 'Shrimps'),
(2396, 65, 'Dai-Hai Marine Products Corp.', 108, 'Alumahan'),
(2397, 65, 'Dai-Hai Marine Products Corp.', 109, 'Salmon Fillet'),
(2398, 65, 'Dai-Hai Marine Products Corp.', 111, 'Caviar'),
(2399, 65, 'Dai-Hai Marine Products Corp.', 112, 'Pusit'),
(2400, 65, 'Dai-Hai Marine Products Corp.', 113, 'Sugpo'),
(2401, 65, 'Dai-Hai Marine Products Corp.', 114, 'Oyster'),
(2402, 65, 'Dai-Hai Marine Products Corp.', 115, 'Mussels'),
(2403, 65, 'Dai-Hai Marine Products Corp.', 116, 'Crab'),
(2404, 65, 'Dai-Hai Marine Products Corp.', 117, 'Mud Crab'),
(2405, 65, 'Dai-Hai Marine Products Corp.', 118, 'Blue Marlin Cut'),
(2406, 65, 'Dai-Hai Marine Products Corp.', 119, 'Tawilis'),
(2407, 65, 'Dai-Hai Marine Products Corp.', 120, 'Tinapa Salinas'),
(2408, 65, 'Dai-Hai Marine Products Corp.', 121, 'Tuyo Salinas'),
(2409, 65, 'Dai-Hai Marine Products Corp.', 122, 'Labahita'),
(2410, 65, 'Dai-Hai Marine Products Corp.', 123, 'Jackfish'),
(2411, 65, 'Dai-Hai Marine Products Corp.', 124, 'Catfish'),
(2412, 65, 'Dai-Hai Marine Products Corp.', 125, 'Snail'),
(2413, 65, 'Dai-Hai Marine Products Corp.', 126, 'Moonfish'),
(2414, 66, 'Kim Marine Products', 90, 'Tilapia'),
(2415, 66, 'Kim Marine Products', 91, 'Yellowfin Tuna'),
(2416, 66, 'Kim Marine Products', 93, 'Bangus'),
(2417, 66, 'Kim Marine Products', 94, 'Lapu Lapu'),
(2418, 66, 'Kim Marine Products', 95, 'Tamban'),
(2419, 66, 'Kim Marine Products', 96, 'Anchovies'),
(2420, 66, 'Kim Marine Products', 97, 'Red Snapper'),
(2421, 66, 'Kim Marine Products', 98, 'Tulingan'),
(2422, 66, 'Kim Marine Products', 99, 'Galunggong'),
(2423, 66, 'Kim Marine Products', 100, 'Dalagang Bukid'),
(2424, 66, 'Kim Marine Products', 101, 'Slipmouth Fish'),
(2425, 66, 'Kim Marine Products', 102, 'Hasahasa'),
(2426, 66, 'Kim Marine Products', 103, 'Barramundi'),
(2427, 66, 'Kim Marine Products', 104, 'Pompano'),
(2428, 66, 'Kim Marine Products', 105, 'Threadfin Bream'),
(2429, 66, 'Kim Marine Products', 106, 'Tanigue Steak Cut'),
(2430, 66, 'Kim Marine Products', 107, 'Shrimps'),
(2431, 66, 'Kim Marine Products', 108, 'Alumahan'),
(2432, 66, 'Kim Marine Products', 109, 'Salmon Fillet'),
(2433, 66, 'Kim Marine Products', 111, 'Caviar'),
(2434, 66, 'Kim Marine Products', 112, 'Pusit'),
(2435, 66, 'Kim Marine Products', 113, 'Sugpo'),
(2436, 66, 'Kim Marine Products', 114, 'Oyster'),
(2437, 66, 'Kim Marine Products', 115, 'Mussels'),
(2438, 66, 'Kim Marine Products', 116, 'Crab'),
(2439, 66, 'Kim Marine Products', 117, 'Mud Crab'),
(2440, 66, 'Kim Marine Products', 118, 'Blue Marlin Cut'),
(2441, 66, 'Kim Marine Products', 119, 'Tawilis'),
(2442, 66, 'Kim Marine Products', 120, 'Tinapa Salinas'),
(2443, 66, 'Kim Marine Products', 121, 'Tuyo Salinas'),
(2444, 66, 'Kim Marine Products', 122, 'Labahita'),
(2445, 66, 'Kim Marine Products', 123, 'Jackfish'),
(2446, 66, 'Kim Marine Products', 124, 'Catfish'),
(2447, 66, 'Kim Marine Products', 125, 'Snail'),
(2448, 66, 'Kim Marine Products', 126, 'Moonfish'),
(2449, 67, 'B-KING Fish Processor', 90, 'Tilapia'),
(2450, 67, 'B-KING Fish Processor', 91, 'Yellowfin Tuna'),
(2451, 67, 'B-KING Fish Processor', 93, 'Bangus'),
(2452, 67, 'B-KING Fish Processor', 94, 'Lapu Lapu'),
(2453, 67, 'B-KING Fish Processor', 95, 'Tamban'),
(2454, 67, 'B-KING Fish Processor', 96, 'Anchovies'),
(2455, 67, 'B-KING Fish Processor', 97, 'Red Snapper'),
(2456, 67, 'B-KING Fish Processor', 98, 'Tulingan'),
(2457, 67, 'B-KING Fish Processor', 99, 'Galunggong'),
(2458, 67, 'B-KING Fish Processor', 100, 'Dalagang Bukid'),
(2459, 67, 'B-KING Fish Processor', 101, 'Slipmouth Fish'),
(2460, 67, 'B-KING Fish Processor', 102, 'Hasahasa'),
(2461, 67, 'B-KING Fish Processor', 103, 'Barramundi'),
(2462, 67, 'B-KING Fish Processor', 104, 'Pompano'),
(2463, 67, 'B-KING Fish Processor', 105, 'Threadfin Bream'),
(2464, 67, 'B-KING Fish Processor', 106, 'Tanigue Steak Cut'),
(2465, 67, 'B-KING Fish Processor', 107, 'Shrimps'),
(2466, 67, 'B-KING Fish Processor', 108, 'Alumahan'),
(2467, 67, 'B-KING Fish Processor', 109, 'Salmon Fillet'),
(2468, 67, 'B-KING Fish Processor', 111, 'Caviar'),
(2469, 67, 'B-KING Fish Processor', 112, 'Pusit'),
(2470, 67, 'B-KING Fish Processor', 113, 'Sugpo'),
(2471, 67, 'B-KING Fish Processor', 114, 'Oyster'),
(2472, 67, 'B-KING Fish Processor', 115, 'Mussels'),
(2473, 67, 'B-KING Fish Processor', 116, 'Crab'),
(2474, 67, 'B-KING Fish Processor', 117, 'Mud Crab'),
(2475, 67, 'B-KING Fish Processor', 118, 'Blue Marlin Cut'),
(2476, 67, 'B-KING Fish Processor', 119, 'Tawilis'),
(2477, 67, 'B-KING Fish Processor', 120, 'Tinapa Salinas'),
(2478, 67, 'B-KING Fish Processor', 121, 'Tuyo Salinas'),
(2479, 67, 'B-KING Fish Processor', 122, 'Labahita'),
(2480, 67, 'B-KING Fish Processor', 123, 'Jackfish'),
(2481, 67, 'B-KING Fish Processor', 124, 'Catfish'),
(2482, 67, 'B-KING Fish Processor', 125, 'Snail'),
(2483, 67, 'B-KING Fish Processor', 126, 'Moonfish'),
(2484, 68, 'Camsur Canning Corp.', 90, 'Tilapia'),
(2485, 68, 'Camsur Canning Corp.', 91, 'Yellowfin Tuna'),
(2486, 68, 'Camsur Canning Corp.', 93, 'Bangus'),
(2487, 68, 'Camsur Canning Corp.', 94, 'Lapu Lapu'),
(2488, 68, 'Camsur Canning Corp.', 95, 'Tamban'),
(2489, 68, 'Camsur Canning Corp.', 96, 'Anchovies'),
(2490, 68, 'Camsur Canning Corp.', 97, 'Red Snapper'),
(2491, 68, 'Camsur Canning Corp.', 98, 'Tulingan'),
(2492, 68, 'Camsur Canning Corp.', 99, 'Galunggong'),
(2493, 68, 'Camsur Canning Corp.', 100, 'Dalagang Bukid'),
(2494, 68, 'Camsur Canning Corp.', 101, 'Slipmouth Fish'),
(2495, 68, 'Camsur Canning Corp.', 102, 'Hasahasa'),
(2496, 68, 'Camsur Canning Corp.', 103, 'Barramundi'),
(2497, 68, 'Camsur Canning Corp.', 104, 'Pompano'),
(2498, 68, 'Camsur Canning Corp.', 105, 'Threadfin Bream'),
(2499, 68, 'Camsur Canning Corp.', 106, 'Tanigue Steak Cut'),
(2500, 68, 'Camsur Canning Corp.', 107, 'Shrimps'),
(2501, 68, 'Camsur Canning Corp.', 108, 'Alumahan'),
(2502, 68, 'Camsur Canning Corp.', 109, 'Salmon Fillet'),
(2503, 68, 'Camsur Canning Corp.', 111, 'Caviar'),
(2504, 68, 'Camsur Canning Corp.', 112, 'Pusit'),
(2505, 68, 'Camsur Canning Corp.', 113, 'Sugpo'),
(2506, 68, 'Camsur Canning Corp.', 114, 'Oyster'),
(2507, 68, 'Camsur Canning Corp.', 115, 'Mussels'),
(2508, 68, 'Camsur Canning Corp.', 116, 'Crab'),
(2509, 68, 'Camsur Canning Corp.', 117, 'Mud Crab'),
(2510, 68, 'Camsur Canning Corp.', 118, 'Blue Marlin Cut'),
(2511, 68, 'Camsur Canning Corp.', 119, 'Tawilis'),
(2512, 68, 'Camsur Canning Corp.', 120, 'Tinapa Salinas'),
(2513, 68, 'Camsur Canning Corp.', 121, 'Tuyo Salinas'),
(2514, 68, 'Camsur Canning Corp.', 122, 'Labahita'),
(2515, 68, 'Camsur Canning Corp.', 123, 'Jackfish'),
(2516, 68, 'Camsur Canning Corp.', 124, 'Catfish'),
(2517, 68, 'Camsur Canning Corp.', 125, 'Snail'),
(2518, 68, 'Camsur Canning Corp.', 126, 'Moonfish'),
(2519, 69, 'We Golden High International Inc.', 90, 'Tilapia'),
(2520, 69, 'We Golden High International Inc.', 91, 'Yellowfin Tuna'),
(2521, 69, 'We Golden High International Inc.', 93, 'Bangus'),
(2522, 69, 'We Golden High International Inc.', 94, 'Lapu Lapu'),
(2523, 69, 'We Golden High International Inc.', 95, 'Tamban'),
(2524, 69, 'We Golden High International Inc.', 96, 'Anchovies'),
(2525, 69, 'We Golden High International Inc.', 97, 'Red Snapper'),
(2526, 69, 'We Golden High International Inc.', 98, 'Tulingan'),
(2527, 69, 'We Golden High International Inc.', 99, 'Galunggong'),
(2528, 69, 'We Golden High International Inc.', 100, 'Dalagang Bukid'),
(2529, 69, 'We Golden High International Inc.', 101, 'Slipmouth Fish'),
(2530, 69, 'We Golden High International Inc.', 102, 'Hasahasa'),
(2531, 69, 'We Golden High International Inc.', 103, 'Barramundi'),
(2532, 69, 'We Golden High International Inc.', 104, 'Pompano'),
(2533, 69, 'We Golden High International Inc.', 105, 'Threadfin Bream'),
(2534, 69, 'We Golden High International Inc.', 106, 'Tanigue Steak Cut'),
(2535, 69, 'We Golden High International Inc.', 107, 'Shrimps'),
(2536, 69, 'We Golden High International Inc.', 108, 'Alumahan'),
(2537, 69, 'We Golden High International Inc.', 109, 'Salmon Fillet'),
(2538, 69, 'We Golden High International Inc.', 111, 'Caviar'),
(2539, 69, 'We Golden High International Inc.', 112, 'Pusit'),
(2540, 69, 'We Golden High International Inc.', 113, 'Sugpo'),
(2541, 69, 'We Golden High International Inc.', 114, 'Oyster'),
(2542, 69, 'We Golden High International Inc.', 115, 'Mussels'),
(2543, 69, 'We Golden High International Inc.', 116, 'Crab'),
(2544, 69, 'We Golden High International Inc.', 117, 'Mud Crab'),
(2545, 69, 'We Golden High International Inc.', 118, 'Blue Marlin Cut'),
(2546, 69, 'We Golden High International Inc.', 119, 'Tawilis'),
(2547, 69, 'We Golden High International Inc.', 120, 'Tinapa Salinas'),
(2548, 69, 'We Golden High International Inc.', 121, 'Tuyo Salinas'),
(2549, 69, 'We Golden High International Inc.', 122, 'Labahita'),
(2550, 69, 'We Golden High International Inc.', 123, 'Jackfish'),
(2551, 69, 'We Golden High International Inc.', 124, 'Catfish'),
(2552, 69, 'We Golden High International Inc.', 125, 'Snail'),
(2553, 69, 'We Golden High International Inc.', 126, 'Moonfish');

--
-- Indexes for dumped tables
--

--
-- Indexes for table `cart`
--
ALTER TABLE `cart`
  ADD PRIMARY KEY (`id`);

--
-- Indexes for table `message`
--
ALTER TABLE `message`
  ADD PRIMARY KEY (`id`);

--
-- Indexes for table `orders`
--
ALTER TABLE `orders`
  ADD PRIMARY KEY (`id`);

--
-- Indexes for table `products`
--
ALTER TABLE `products`
  ADD PRIMARY KEY (`id`);

--
-- Indexes for table `suppliers`
--
ALTER TABLE `suppliers`
  ADD PRIMARY KEY (`id`);

--
-- Indexes for table `users`
--
ALTER TABLE `users`
  ADD PRIMARY KEY (`id`);

--
-- Indexes for table `wholesale`
--
ALTER TABLE `wholesale`
  ADD PRIMARY KEY (`id`),
  ADD KEY `supplier_id` (`supplier_id`),
  ADD KEY `product_id` (`product_id`);

--
-- AUTO_INCREMENT for dumped tables
--

--
-- AUTO_INCREMENT for table `cart`
--
ALTER TABLE `cart`
  MODIFY `id` int(100) NOT NULL AUTO_INCREMENT, AUTO_INCREMENT=72;

--
-- AUTO_INCREMENT for table `message`
--
ALTER TABLE `message`
  MODIFY `id` int(100) NOT NULL AUTO_INCREMENT, AUTO_INCREMENT=12;

--
-- AUTO_INCREMENT for table `orders`
--
ALTER TABLE `orders`
  MODIFY `id` int(100) NOT NULL AUTO_INCREMENT, AUTO_INCREMENT=12;

--
-- AUTO_INCREMENT for table `products`
--
ALTER TABLE `products`
  MODIFY `id` int(100) NOT NULL AUTO_INCREMENT, AUTO_INCREMENT=127;

--
-- AUTO_INCREMENT for table `suppliers`
--
ALTER TABLE `suppliers`
  MODIFY `id` int(11) NOT NULL AUTO_INCREMENT, AUTO_INCREMENT=70;

--
-- AUTO_INCREMENT for table `users`
--
ALTER TABLE `users`
  MODIFY `id` int(100) NOT NULL AUTO_INCREMENT, AUTO_INCREMENT=10;

--
-- AUTO_INCREMENT for table `wholesale`
--
ALTER TABLE `wholesale`
  MODIFY `id` int(100) NOT NULL AUTO_INCREMENT, AUTO_INCREMENT=4479;

--
-- Constraints for dumped tables
--

--
-- Constraints for table `wholesale`
--
ALTER TABLE `wholesale`
  ADD CONSTRAINT `wholesale_ibfk_1` FOREIGN KEY (`supplier_id`) REFERENCES `suppliers` (`id`) ON DELETE CASCADE,
  ADD CONSTRAINT `wholesale_ibfk_2` FOREIGN KEY (`product_id`) REFERENCES `products` (`id`) ON DELETE CASCADE;
COMMIT;

/*!40101 SET CHARACTER_SET_CLIENT=@OLD_CHARACTER_SET_CLIENT */;
/*!40101 SET CHARACTER_SET_RESULTS=@OLD_CHARACTER_SET_RESULTS */;
/*!40101 SET COLLATION_CONNECTION=@OLD_COLLATION_CONNECTION */;
